PAGE #,Item #,Description ,List Price ,Comments 
12,756040,"H/C,2XR,SL,40''/GH+ARM", $	195.00 ,Maximum allowable discount 35% 
12,B756040,"H/C,2XR,SL,40''/GH+ARM, BLACK", $	195.00 ,Maximum allowable discount 35% 
12,339567,"NSL,2XR,SL,40''/GH+ARM", $	218.00 ,Maximum allowable discount 35% 
12,756140,"H/C+,2XR,40''/GH+ARM", $	240.00 ,Maximum allowable discount 35% 
12,B756140,"H/C+,2XR,FL,40''/GH+ARM", $	240.00 ,Maximum allowable discount 35% 
13,339570,"NSL,2XR,SL,20''/GH+ARM", $	218.00 ,Maximum allowable discount 35% 
13,756120,"H/C+,2XR,20''/GH+ARM", $	240.00 ,Maximum allowable discount 35% 
13,B756120,"H/C+,2XR,FL,20''/GH+ARM BLACK", $	240.00 ,Maximum allowable discount 35% 
13,756020,"H/C,2XR,SL,20''/GH+ARM", $	195.00 ,Maximum allowable discount 35% 
13,B756020,"H/C,2XR,SL,20''/GH+ARM BLACK", $	195.00 ,Maximum allowable discount 35% 
13,339573,"C-STD,FL,2XR,20"" MINI BASE", $	235.00 ,
13,B339573,"C-STD,2XR,FL,MINI,20'',BLACK", $	235.00 ,
13,339774,"C-STD,FL,2XR,20'' W GH&ARM", $	266.00 ,
13,B339774,"C-STD,2XR,FL,20'',BL W GH&ARM", $	266.00 ,
13,339561,"C-STD,FL,2XR,30''", $	277.00 ,
13,B339561,"C-STD,2XR,FL,30'',BLACK", $	277.00 ,
14,339764,"C-STD,FL,2XR,40'' W GH & ARM", $	272.00 ,
14,B339764,"C-STD,2XR,FL,40'',BL W GH&ARM", $	272.00 ,
14,339568,"C-STD,FL,2XR,60''", $	278.00 ,
14,B339568,"C-STD,2XR,FL,60'',BLACK", $	278.00 ,
14,754042,"STD,2XR,FL,40'',2SL", $	245.00 ,"Description in catalog of 60"" is incorrect "
14,350580,"GRIPHEAD,HOLLYWOOD, 2.5''", $	41.00 ,
14,B350580,"GRIPHEAD,HOLLYWD,2.5'',BLK.", $	41.00 ,
14,339759,C+TURTLE BASE, $	142.00 ,
14,B339759,"BASE ASY,TURTLE,C+STAND", $	142.00 ,
15,681012,"GOBO ARM,H'WOOD,20''", $	60.00 ,
15,B681012,"HOLLYWOOD ARM,20'',BLACK", $	62.00 ,
15,655020,"H/GRIPHEAD+ARM,20''", $	82.00 ,
15,B655020,"H/GRIPHEAD+ARM,20'',BLACK", $	84.00 ,
15,681013,"GOBO ARM,H'WOOD,40''", $	60.00 ,
15,B681013,"HOLLYWOOD ARM,40'',BLACK", $	62.00 ,
15,655040,"H/GRIPHEAD+ARM, 40''", $	82.00 ,
15,B655040,"H/GRIPHEAD+ARM,40'',BLACK KIT", $	84.00 ,
15,339725,"C+,RISR ASSY, ST. 2 X 40''", $	136.00 ,
15,339761,"C+,RISR ASY,ST,2 X 20''", $	105.00 ,
15,429658,"RACK,C-STD,UPR & LWR,6X", $	173.00 ,
16,339776,ROLLING CASE FOR C -STD - V3, $	357.00 ,Maximum allowable discount 30% 
16,339775,REGULAR CASE FOR C -STD - V3, $	255.00 ,Maximum allowable discount 30% 
17,B387486,REVERSE FOLDING KIT STAND BLK, $	92.00 ,
17,B387489,MINI REVERSE FLDG STAND, $	87.00 ,
17,339763,BKO STAND, $	69.00 ,Item # 389763 in the catalog is incorrect 
18,387102,WHEEL SET (3) F/KIT STD, $	37.00 ,"Fits #387402, #B389787, #B389788"
18,387402,REVENGER STAND - BLACK, $	87.00 ,
18,B389787,"KIT STD,LT/MED,W/BRK,BLACK", $	107.00 ,
18,B389788,"KIT STD,M-DTY,W/BRK,BLACK", $	100.00 ,
19,387101,WHEEL SET (3) F/KIT STD, $	37.00 ,"Fits #387485, #B387485, #B387487, #B387490"
19,387485,"KIT STD,M-DUTY,MAX,ST", $	153.00 ,
19,B387485,"KIT STAND,M-DUTY MAXI,", $	153.00 ,
19,B387487,"KIT STD,LT/HVY 2XR,", $	172.00 ,
19,B387490,"KIT STD,LT/HVY,3XR,", $	206.00 ,
20,386038,"STD,PREM BABY,MINI,STEEL", $	224.00 ,
20,386034,"STD,PREM BABY,ALUMINUM", $	230.00 ,
20,387030,"STD,B-BABY,H'WOOD,2XR,RML", $	259.00 ,
21,387031,"STD,B-BABY,H'WOOD,3X,RML", $	293.00 ,
21,H386025,"STD,BABY JR,2XR,H-WOOD", $	346.00 ,
21,H386020,"STD,BABY JR,3XR,H-WOOD", $	365.00 ,
21,429657,"RACK,BEEFY BABY,7X BLACK", $	136.00 ,
22,366068,"WHEEL ADAPTOR, SET,COMBO", $	261.00 ,
22,369673,"STD,COMBO,2XR,H'WOOD", $	339.00 ,
22,369674,"STD,COMBO,2XR,H''WOOD ALUM", $	413.00 ,Item #369674 in the catalog is incorrect 
22,366165,"STD,COMBO,3XR,H'WOOD", $	368.00 ,
23,429655,"RACK,COMBO,5X BLACK", $	96.00 ,
23,366068,"WHEEL ADAPTOR, SET,COMBO", $	261.00 ,
23,366065,"STD,COMBO,SKY HI,3X RISER", $	391.00 ,
23,366066,"STD,COMBO,LBOY,2XR", $	327.00 ,
23,349581,"GRIPHEAD,4.5'',MAGIC", $	119.00 ,
24,366170,"ADAPTER WHEEL SET 3""", $	157.00 ,"Fits #387032, #369675"
24,387032,BABY DIGITAL STD 3XRISR, $	247.00 ,
24,369675,COMBO DIGITAL STD 2XRISR, $	259.00 ,
25,387101,WHEEL SET (3) F/KIT STD, $	37.00 ,"Fits #B366167, #B366168, #B369765"
25,B366167,COMBO STD ALM RD LEGS BLK 2XR, $	220.00 ,
25,B366168,"ALUM STD BABY 3XR,ST TOP RSR", $	222.00 ,
25,B369765,"STD COMBO 3XR ALM,ST TOP RSR", $	443.00 ,
26,H386021,"STD,JUNIOR,LOWBOY,2XR,", $	374.00 ,
26,H386022,"STD,JUNIOR,2XR,H-WOOD", $	401.00 ,
26,429051,JR RISER + POP-UP HSG, $	212.00 ,
27,H386026,"STD,SENIOR,LOW BOY,ST", $	446.00 ,
27,H386027,"STD,SENIOR,H-WOOD", $	431.00 ,
27,H386033,"STD,JUNIOR,3XR,H-WOOD", $	436.00 ,
28,H377573,"STD,OH,MED,ROLR,H-WOOD", $	499.00 ,Description in catalog of Low Boy Junior is incorrect 
28,H377574,"STD,OH,HIHI,ROLR.,H-WOOD", $	528.00 ,Part #H377547 in the catalog is incorrect
28,H377577,"STD,OH,HIHI,ROLR,RML,H-WOOD", $	573.00 ,
29,377575,"STD,OH,HIHI,WIDE BASE RML", $	541.00 ,Part #H377574 in the catalog is incorrect 
29,369770,"STD COMBO/OH,SKY-HI W 4.5""GH", $	455.00 ,
30,366068,"WHEEL ADAPTOR, SET,COMBO", $	261.00 ,
30,377585,MINI MOMBO COMBO, $	599.00 ,Fits #377585 
31,377579,"WHL ADAPT,MOMCOM,SET,OLD STYLE", $	240.00 ,Fits old Style Stand #377578
31,377584,"WHL ADAPT HLWOOD MOM COMBO SET, NEW STYLE ", $	240.00 ,Fits old Style Stand #377581 and new style stand #377591
31,377591,MOMBO COMBO NEW STYLE, $	631.00 ,
31,377578-40,GUY ROPE SAFETY SET(3PCS), $	261.00 ,
32,BH-30,BALL HEAD BH-30, $	183.00 ,
32,B427802,"BOOM,MINI MATTH,BLACK", $	209.00 ,
32,6049/100,"6""PUMP SUCTION CUP W/3/8-16 SC", $	131.00 ,
32,249566-1,VR AUGER SPIKE, $	50.00 ,
33,249566K,"KIT STAND, VRIG 30 ", $	897.00 ,Maximum allowable discount 30% 
33,249567K,"KIT STAND, VRIG 75 "," $	1,315.00 ",Maximum allowable discount 30% 
34,249562,MONITOR STAND II, $	485.00 ,
34,249564,STAND SLIDER MINI, $	301.00 ,Maximum allowable discount 35%
35,249563,SLIDER STD WHEEL SET (3), $	261.00 ,Fits stand #246561
35,249561,STAND SLIDER, $	360.00 ,Maximum allowable discount 35%
36,521000,LOBOY - SINGLE RISER VATOR III," $	3,122.00 ",Maximum allowable discount 35% 
36,521001,LOW BOY CRANK III DBL RSR," $	4,162.00 ",Maximum allowable discount 35% 
36,521002,MIDI VATOR III," $	5,723.00 ",Maximum allowable discount 35% Crates 18 or 19 are required when ordering this product 
,521002-18,MIDI VATOR SINGLE CRATE , $	245.00 ,No allowable discount on this item.  Required when ordering #521002 
,521002-19,MIDI VATOR DOUBLE CRATE , $	345.00 ,No allowable discount on this item.  Required when ordering #521002 
37,521003,SUPER VATOR III," $	6,555.00 ",Maximum allowable discount 35% Crates 16 or 17 are required when ordering this product 
,521003-16,SUPER VATOR SINGLE CRATE , $	250.00 ,No allowable discount on this item.  Required when ordering #521003 
,521003-17,SUPER VATOR DOUBLE CRATE, $	375.00 ,No allowable discount on this item.  Required when ordering #521003 
37,521004,CRANK-O- VATOR III," $	4,682.00 ","Maximum allowable discount 35%, Carton below is required below when ordering this product  "
,521004-Crate,CRANK-O- VATOR SINGLE CARTON , $	50.00 ,No allowable discount on this item.  Required when ordering #521004 
38,B377705,MINIVATOR II, $	828.00 ,Maximum allowable discount 35% 
38,B377706,MINIVATOR WHEELS SET (3), $	151.00 ,Maximum allowable discount 35% 
39,249570,PANEL STAND,,"new product, price to be advised "
40,999042,MAGIC STD KIT W/ RUNWAY BASE, $	969.00 ,
40,388214,"MAGIC STD,40'',G2N", $	527.00 ,
40,388200,"STD,BABY RUNWAY,W/ BASE KIT", $	500.00 ,
40,388201,JR. RUNWAY BASE ONLY, $	410.00 ,
41,420110,"MATTHELLINI,2'',END JAW,2''PIN", $	72.00 ,
41,420210,"MATTHELLINI,6'',END JAW,2", $	56.00 ,
41,420100,"MATTHELLINI,2'',CENTER JAW", $	72.00 ,
41,420101,"MATTHELLINI,3'',CENTER JAW", $	56.00 ,
41,420113,EXTENDALLINI, $	27.00 ,
41,420211,MINI MATTHELINI 3/8-16 MALE PI, $	56.00 ,
41,420112-S15,"MINI MATTHELLIINI,SATIN BLACK", $	55.00 ,
42,350604,MICRO-GRIP HEAD, $	44.00 ,
42,350584,"MINIGRIP,HEAD", $	30.00 ,
42,350580,"GRIPHEAD,HOLLYWOOD, 2.5''", $	41.00 ,
42,B350580,"GRIPHEAD,HOLLYWD,2.5'',BLK.", $	41.00 ,
42,429614,"MATTH GAG,1X", $	41.00 ,
42,429642,"MATTH GAG,2X", $	86.00 ,
42,349581,"GRIPHEAD,4.5'',MAGIC", $	119.00 ,
43,420114,MQ MOUNT, $	69.00 ,
43,388210,"MAGIC FINGER,5/8 REC", $	100.00 ,
43,388211,"GOBO ARM,W/MAGIC FINGER", $	140.00 ,
43,680011,BROKEN ARM ALM, $	235.00 ,
44,541004,SUPER MAFER WITH PIN, $	46.00 ,
44,B541004,"SUPER MAFER,BLACK WITH PIN", $	46.00 ,
44,540004,SUPER MAFER, $	37.00 ,
44,B540004,"SUPER MAFER,BLACK", $	37.00 ,
44,540011,SUPER MAFER 2X, $	59.00 ,
44,209636,"GRIP HEAD,2-1/2'',RIGHT ANGLE", $	53.00 ,
44,540015,"GRIP HEAD,2-1/2'',STEM HEAD", $	69.00 ,
44,209639,"ARM,OFFSET,SNAP-IN", $	41.00 ,
44,B209642,SWIVEL J-HOOK, $	19.00 ,
45,42626-11,INFINITY MAFER CHEESE PLATE ADAPTER, $	50.00 ,
45,209638,"MOUNTING PLATE ,4X4,SNAP-IN", $	33.00 ,
45,209641,RIGHT ANGLE SNAP-IN, $	26.00 ,
45,18069-22,"SNAP-IN PIN,W/1/4-20 THREAD", $	19.00 ,
45,209653,SNAP-IN PIN W/3/8-16 THREAD, $	19.00 ,
45,209635,SNAP-IN WITH SWIVEL, $	13.00 ,
45,429493,"ADAPTER,SNAP-IN TVMP", $	19.00 ,
45,209640,"SNAP-IN,WELD-ON", $	8.00 ,
45,209637,"SNAP-IN PIN,1/2"" DIA.", $	19.00 ,
45,209633,"SNAP-IN PIN,3/8"" DIA.", $	13.00 ,
45,209632,"SNAP-IN PIN,ST,.5/8", $	11.00 ,
46,425166,"MY WAY 12"" PIN ", $	20.00 ,
46,425165,"MY WAY 6"" PIN ", $	18.00 ,
46,425164,"MY WAY 3"" PIN ", $	16.00 ,
46,425156,MY WAY 90 DEGREE PIN , $	20.00 ,
46,429647,MY WAY 1/4-20  ADAPTER, $	21.00 ,
46,429651,MY WAY 3/8-16  ADAPTER , $	21.00 ,
46,429635,MY WAY INBETWEENIE ADAPTER, $	21.00 ,
46,15033-15,MY WAY TO INFINITY ADAPTER, $	39.00 ,
46,429636,MY WAY JUNIOR RECEIVER, $	52.00 ,
46,429640,"MY WAY JUNIOR RECEIVR, SPINNER BASE", $	68.00 ,
46,429638,MY WAY JUNIOR PIN , $	29.00 ,
46,429645,MY WAY  BABY RECEIVER , $	39.00 ,
47,420115,"MY WAY MATTHELLINI,2"", CENTER JAW", $	96.00 ,
47,420118,"MY WAY MATTHELLINI,3"", CENTER JAW", $	96.00 ,
47,420120,"MY WAY MATTHELINNI,6"",END JAW W/ RECEIVER ", $	90.00 ,
47,420116,"MY WAY MATTHELINNI,2"",END JAW W/ RECEIVER ", $	90.00 ,
47,429035,MY WAY CHAIN VICE GRIP , $	140.00 ,
47,429644,MY WAY 45 ADAPTER, $	43.00 ,
47,429643,MY WAY 90 ADAPTER, $	47.00 ,
47,429615,MY WAY PIPE CLAMP , $	83.00 ,
47,429637,MY WAY GRID CLAMP , $	61.00 ,
47,429634,MY WAY NAIL ON PLATE , $	47.00 ,
48,429581,BABY DOUBLE HEADER, $	53.00 ,
48,429580,BABY TRIPLE HEADER, $	72.00 ,
48,429617,JR TRIPLE HEADER, $	177.00 ,
48,429610,MINI BABY DOUBLE HEADER, $	89.00 ,
48,426019,JUNIOR STAND EXTENSION, $	81.00 ,
48,426499,EXTENDABLE BABY STD EXTENSION, $	41.00 ,
48,426018,"EXTENSION,24'' BABY STAND", $	44.00 ,
48,426017,"EXTENSION,18'' BABY STAND", $	44.00 ,
48,426016,"EXTENSION,12'' BABY STAND", $	38.00 ,
48,426015,"EXTENSION,6'' BABY STAND", $	38.00 ,
49,429641,"TREE BRANCH HOLDER,3''", $	89.00 ,
49,B429587,"GRIP,GAFFER,5/8''PIN", $	42.00 ,
49,439013,"C-CLAMP, SPEED-C", $	188.00 ,
49,B429500,AFLAC CLAMP, $	34.00 ,
49,429039,"CHAIN VICE GRIP W/2 5/8"" PINS", $	92.00 ,
49,429038,"VICE GRIP W/ 2 5/8"" PINS", $	50.00 ,
50,429682,MEAT AXE, $	258.00 ,
50,429683,MINI MEAT AXE, $	194.00 ,
50,429422,STUDIO OVERHEAD GRIP ARM , $	136.00 ,Price of $293.00 in the catalog is incorrect
50,429052,"BAZOOKA,DOUBLE RISER", $	293.00 ,Price of $196.00 in the catalog is incorrect
51,429629,JK CLAMP, $	160.00 ,
51,429618,BABY PIPE CLAMP, $	44.00 ,
51,429619,JUNIOR PIPE CLAMP, $	69.00 ,
51,425160,SWIVEL GRID CLAMP, $	41.00 ,Price of $67.00 in the catalog is incorrect
51,425159,RIGHT ANGLE GRID CLAMP, $	34.00 ,Price of $69.00 in the catalog is incorrect
51,425158,JUNIOR GRID CLAMP, $	67.00 ,
51,425151,JR GRID CLAMP T STYLE CENTERED, $	71.00 ,
51,429620,BIG BEN CLAMP, $	72.00 ,Price of $44.00 in the catalog is incorrect
51,415157,BABY GRID CLAMP, $	61.00 ,
52,429676,"HEAVY DUTY HANGER,TELE,1X,@3'", $	194.00 ,
52,429671,"HEAVY DUTY HANGER,TELE,1X,@4'", $	199.00 ,
52,429672,"HEAVY DUTY HANGER, TELE 1X6'", $	218.00 ,
52,429673,"HEAVY DUTY HANGER, TELE 1X8'", $	230.00 ,
52,429677,"HEAVY DUTY HANGER,TELE,2X 3-6'", $	265.00 ,
52,429674,"HEAVY DUTY HANGER, TELE 2X 4-8'", $	293.00 ,
52,429675,"HEAVY DUTY HANGER, TELE 2X 5-10'", $	311.00 ,
52,429691,"HEAVY DUTY HANGER, TELE 3X 2-6'", $	246.00 ,
52,B429720,"HANGER,LIGHT DUTY,1' - 2 ' W/ PIPE CLAMP", $	125.00 ,
52,B429740,"HANGER,LIGHT DUTY,1' - 2 ' W/ PIPE CLAMP & STIRRUP", $	152.00 ,
52,B429726,"HANGER,LIGHT DUTY,1.5'- 3 ' W/ PIPE CLAMP", $	130.00 ,
52,B429746,"HANGER,LIGHT DUTY,1.5'- 3 ' W/ PIPE CLAMP & STIRRUP", $	159.00 ,
52,B429722,"HANGER,LIGHT DUTY,2'-4 ' W/ PIPE CLAMP", $	141.00 ,
52,B429742,"HANGER,LIGHT DUTY,2'-4 ' W/ PIPE CLAMP & STIRRUP", $	170.00 ,
52,B429724,"HANGER,LIGHT DUTY,3'-6 ' W/ PIPE CLAMP", $	147.00 ,
52,B429744,"HANGER,LIGHT DUTY,3'-6 ' W/ PIPE CLAMP & STIRRUP", $	176.00 ,
52,B429728,"HANGER,LIGHT DUTY,4'-8 ' W/ PIPE CLAMP ", $	152.00 ,
52,B429748,"HANGER,LIGHT DUTY,4'-8 ' W/ PIPE CLAMP & STIRRUP", $	181.00 ,
52,B429734,"HANGER,LIGHT DUTY,5'-10 ' W/ PIPE CLAMP ", $	160.00 ,
52,B429754,"HANGER,LIGHT DUTY,5'-10 ' W/ PIPE CLAMP & STIRRUP", $	187.00 ,
53,429681,HEAVY WEIGHT HANGER UNIVERSAL RECEIVER, $	84.00 ,
53,429680,HEAVY WEIGHT HANGER JUNIOR RECEIVER, $	67.00 ,
53,429612,HEAVY WEIGHT & LIGHT WEIGHT HANGER STIRRUP, $	30.00 ,
53,429779,LIGHT WEIGHT HANGER BABY W/ PIN 3/8-16 MALE THREAD, $	12.00 ,
53,429679,HEAVY WEIGHT HANGER BABY W/ PIN 1/2-13 MALE THREAD, $	14.00 ,
53,429694,"C-CLAMP, 4.0''", $	39.00 ,
53,429594,"C-CLAMP, 4"" BABY", $	59.00 ,
53,429695,"C-CLAMP, 6""", $	45.00 ,
53,429596,"C-CLAMP, 6"" BABY", $	65.00 ,
53,429696,"C-CLAMP, 8""", $	64.00 ,
53,429598,"C-CLAMP, 8"" BABY", $	80.00 ,
53,429229,"C-CLAMP, 10""", $	83.00 ,
53,429228,"C-CLAMP, 10"" BABY", $	107.00 ,
53,429602,"C-CLAMP, 12""", $	119.00 ,
53,429603,"C-CLAMP, 12"" BABY", $	146.00 ,
53,439004,"C-CLAMP, 4"" W/DBL JR. RECEIVER", $	72.00 ,
53,439006,"C-CLAMP, 6"" W/DBL JR. RECEIVER", $	83.00 ,
53,429697,"C-CLAMP, 8"" W/SINGLE VERTICAL JR. RECEIVER", $	94.00 ,
53,429690,"C-CLAMP, 8"" W/SINGLE HORIZONTAL JR. RECEIVER", $	94.00 ,Part #429598 in the catalog is incorrect 
53,439008,"C-CLAMP, 8"" W/DBL JR. RECEIVER", $	94.00 ,
53,439010,"C-CLAMP, 10"" W/DBL JR. RECEIVER", $	119.00 ,
53,439012,"C-CLAMP, 12"" W/DBL JR. RECEIVER", $	160.00 ,
54,429606,"CLAMP,FURN,HD,48''W/ BAR CLAMP ADAPTER", $	107.00 ,
54,429605,"CLAMP,FURN,HD,36''W/ BAR CLAMP ADAPTER", $	59.00 ,
54,429593,"CLAMP,FURN,HD,24''W/ BAR CLAMP ADAPTER", $	49.00 ,
54,429592,"CLAMP,FURN,HD,18''W/ BAR CLAMP ADAPTER", $	49.00 ,
54,429584,"CLAMP,FURN,HD,12''W/ BAR CLAMP ADAPTER", $	38.00 ,
54,429589,"CLAMP,FURN,HD,6''W/ BAR CLAMP ADAPTER", $	38.00 ,
54,429595,BAR CLAMP ADAPTER, $	30.00 ,
54,429036,HEAVY DUTY BAR CLAMP ADAPTER, $	41.00 ,
54,429733,"CLAMP,SCISSOR 1/2'' W/CABLE HOLDER", $	18.00 ,
54,429678,"CLAMP,SCISSOR 5/8"" W/CABLE HOLDER", $	20.00 ,
54,429066,"PUTTY KNIFE W/5/8"" PIN", $	28.00 ,
55,209644,BABY 2Fer (TRIPLE), $	27.00 ,
55,209645,BABY 3Fer (QUAD), $	32.00 ,
55,429702,ADAPT FEMALE\ BABY>M17, $	30.00 ,
55,429232,"ADAPTER,BABY PIN RIGHT ANGLE", $	46.00 ,
55,429241,"CHEATER ADAPT,3.5''", $	41.00 ,
55,429301,"ADAPT,JR-V/BABY-V", $	44.00 ,
55,429701,"ADAPT,BABY, FEMALE-FEMALE ", $	34.00 ,
55,429492,TVMP ADAPTER, $	19.00 ,
56,429029,"STD ADAPT,JRM-BABYM,1-1/8-5/8", $	30.00 ,
56,429599,6.'' PIN W/COLLAR, $	16.00 ,
56,429042,QUACKER CLAMP, $	111.00 ,
56,209494,"HOLDER,CANTRELL", $	59.00 ,
56,209495,"HOLDER,FOAM CORE", $	64.00 ,
56,B427080,"M/POLE,MAXI,99'' - 187'' BLACK", $	183.00 ,
56,B427082,M/POLE/MED 53''-97.5'' BLACK, $	130.00 ,
56,B427083,"M/POLE,MINI,30-53'',BLACK", $	121.00 ,
57,540001,HOLLY'WOOD SUPERFLEX ARM, $	130.00 ,Not listed in the catalog
57,540023,"ADAPT,SCRIM,.75D,@3''", $	30.00 ,
57,540024,KNUCKLE HEAD, $	46.00 ,
57,429020,"BRACKET,POULTRY", $	199.00 ,
57,529604,"12K EXT,TT-BRKT,SET(3) KIT", $	703.00 ,
57,429611,CONDOR BRACKET, $	702.00 ,
57,511661,CANDLE STICK ASSY, $	67.00 ,
58,429583,"BRACKET,SET WALL", $	40.00 ,
58,429648,"BRACKET, BAILIN", $	57.00 ,
58,429016,"WALL SPREADER,2X4", $	136.00 ,Price of $70.00 in the catalog is incorrect 
58,429017,"WALL SPREADER,2X6", $	136.00 ,Price of $70.00 in the catalog is incorrect 
58,429025,PIPE WALL SPREADER KIT, $	184.00 ,Price of $230.00 in the catalog is incorrect
58,429621,RECEIVER MOUNTING PLATE, $	44.00 ,
58,424806,BABY SWIVEL PLATE, $	70.00 ,
58,429582,JR WALL PLATE, $	41.00 ,
59,429624,"HANGER,CROWDER", $	65.00 ,
59,429625,"HANGER,CROWDR ADAPT", $	38.00 ,
59,429041,"BABY PLATE,3''", $	22.00 ,
59,429085,"BABY PLATE,6""", $	22.00 ,
59,429065,"BABY PLATE,12""", $	26.00 ,
59,429590,"BABY PLATE, RIGHT ANGLE", $	30.00 ,
59,429141,"BABY PLATE,  CHEATER ", $	26.00 ,Part #429590 in catalog is incorrect
60,999005,"SURVIVAL KIT,MOUNTING"," $	2,440.00 ",
60,350620,UNIVERSAL TABLET MOUNT W/PIN, $	83.00 ,
60,861832,LAP TOP TRAY KIT, $	146.00 ,
61,B119739,K-STACKER II, $	219.00 ,Part #B119737 in the catalog is incorrect 
61,861862,MATTHEWS MONITOR BRACKET, $	208.00 ,
61,861863,"MONITOR ADAPTER PLATE, 200MM", $	55.00 ,
62,350627,NOGA ARM LARGE, $	188.00 ,
62,350626,NOGA ARM, $	178.00 ,Price of $55.00 in the catalog is incorrect
62,20027-10,"MICROPIN 1/4-20 TO 5/8""", $	14.00 ,
62,350634,DOVE TAIL MOUNT W/PLATE, $	53.00 ,
62,861833,LAP TOP TRAY FEMALE ADAPTER, $	35.00 ,
62,429489,ADAPTER KIT, $	61.00 ,
62,350623,"ADAPTER,1/4-20MALE - 5/8FEMALE", $	35.00 ,Price of $13.00 in the catalog is incorrect 
62,415173,BALL HEAD ADAPTER 5/8 FEMALE, $	42.00 ,
62,350625,"ADAPTER,1/4-20 - 5/8FEMALE N/S", $	15.00 ,
63,350604,MICRO-GRIP HEAD , $	44.00 ,
63,350605,MICRO-GRIP SHOT BAG, $	22.00 ,
63,350602-1,MICRO-GRIP BASE, $	43.00 ,
63,350635,ADPTR COUPL HEX 3/8TO3/8, $	7.00 ,
63,350602-4,"MICRO-GRIP ROD 20"" 1/4-20 FEMALE THREAD ", $	14.00 ,
63,350602-3,"MICRO-GRIP ROD 12"" 1/4-20 FEMALE THREAD ", $	12.00 ,
63,350602-2,"MICRO-GRIP ROD 8"" 1/4-20 FEMALE THREAD ", $	10.00 ,
63,350602-6,"MICRO-GRIP ROD 6"" 1/4-20 FEMALE THREAD ", $	9.00 ,
63,350602-5,"MICRO-GRIP ROD 4"" 1/4-20 FEMALE THREAD ", $	8.00 ,
63,350602-7,"MICROGRIP ROD 20"" W/3/8-16 MALE THREAD", $	17.00 ,
63,350602-8,"MICROGRIP ROD 12"" W/3/8-16 MALE THREAD", $	15.00 ,
63,350602-9,"MICROGRIP ROD 8"" W/3/8-16 MALE THREAD", $	13.00 ,
63,350602-10,"MICROGRIP ROD 6"" W/3/8-16 MALE THREAD", $	12.00 ,
63,350602-11,"MICROGRIP ROD 4"" W/3/8-16 MALE THREAD", $	10.00 ,
63,350606,MICRO-GRIP CLIP ARMS, $	17.00 ,
63,M219083,"MICROGRIP DOT SOLID 3""", $	28.00 ,
63,M219093,"MICROGRIP DOT ARTIFICIAL SILK  3""", $	28.00 ,
63,M219063,"MICROGRIP DOT SINGLE 3""", $	28.00 ,
63,M219073,"MICROGRIP DOT DOUBLE 3""", $	28.00 ,
63,M229114,"MICROGRIP SOLID 2"" X 4""", $	31.00 ,
63,M229113,"MICROGRIP ARTIFICIAL SILK 2"" X 4""", $	31.00 ,
63,M229111,"MICROGRIP SINGLE 2"" X 4""", $	31.00 ,
63,M229112,"MICROGRIP DOUBLE 2"" X 4""", $	31.00 ,
64,350617,MICRO CLAMP, $	30.00 ,
64,350610,MICRO-GRIP 1/4-20 ADAPTER, $	22.00 ,
64,350614,HOT SHOE ADAPTER 3/8'' to1/4'', $	32.00 ,
64,350619,MICRO-GRIP MONITOR MOUNT KIT, $	131.00 ,
65,350612,MICRO-GRIP MASTER KIT, $	495.00 ,
65,350611,MICRO-GRIP BASIC KIT , $	172.00 ,
65,350613,MICRO-GRIP MOUNT ACCESSORY KIT, $	153.00 ,
67,B377701,MINI MAX," $	1,413.00 ",
68,B377700,MAX MENACE ARM," $	6,763.00 ","Maximum  allowable discount 35%, the crate 732123 is required when ordering this item "
,732123,MAX CRATE, $	317.00 ,No allowable discount on this item.  Required when ordering #B377700 
70,B377700-7,MAX 720 PIPE ADAPTER, $	781.00 ,Maximum  allowable discount 35%
70,B377700-6,MENACE 6' BABY EXTENSION ASSY, $	521.00 ,Maximum  allowable discount 35%
70,B377709,"SPEED MENACE KIT F/ 1-1/4"" PIPE", $	152.00 ,
70,B377710,"SPEED MENACE KIT F/ 1-1/2"" PIPE", $	152.00 ,
71,299886,"BAG,BABY BOA,5#,CORDURA,BLACK", $	41.00 ,
71,299887,"BAG,JUNIOR BOA,10#,CORDURA,BLACK", $	55.00 ,
71,299888,"BAG,SENIOR BOA,15#,CORDURA,BLACK", $	72.00 ,
71,427803,"BOOM,JR MATTH", $	459.00 ,
71,427801,"BOOM,BABY MATTH", $	293.00 ,
71,427802,"BOOM,MINI MATTH", $	209.00 ,
71,B427802,"BOOM,MINI MATTH, BLACK ", $	209.00 ,
71,427804,"DROP DOWN,BABY,5/8", $	61.00 ,
71,427805,"DROP DOWN,JR,1-1/8''", $	114.00 ,
71,429688,ANGLE DROP DOWN 45 DEGREE, $	71.00 ,
71,388211,"GOBO ARM,W/MAGIC FINGER", $	140.00 ,
71,680011,BROKEN ARM ALM, $	235.00 ,
72,429752,"ARM,SIDE,BABY,HEAVY DUTY", $	121.00 ,
72,429751,"ARM, SIDE JUNIOR, HEAVY DUTY", $	125.00 ,
72,429850,"FLAG CLAMP, HEAVY DUTY", $	168.00 ,
72,430126,"H'WOOD,EXT OFF-ARM,BABY", $	130.00 ,
72,430127,"H'WOOD,EXT OFF-ARM,JUNIOR", $	130.00 ,Price of $125.00 in the catalog is incorrect
72,B429753,Grip Helper, $	252.00 ,
72,B377702,"5/8"" FEMALE - CAMERA MOUNT", $	108.00 ,
73,415175,INDIE MOUNT KIT, $	468.00 ,
74,415168,PRO MOUNT KIT, $	686.00 ,
74,415169,MASTER MOUNT KIT, $	911.00 ,
75,415174,MAGIC RISER, $	183.00 ,
75,350604,MICRO GRIP HEAD, $	44.00 ,
75,350614,HOT SHOE ADAPTER 3/8'' to1/4'', $	32.00 ,
75,350635,ADPTR COUPL HEX 3/8TO3/8, $	7.00 ,
75,350602-4,"MICRO-GRIP ROD 20"" 1/4-20 FEMALE THREAD ", $	14.00 ,
75,350602-3,"MICRO-GRIP ROD 12"" 1/4-20 FEMALE THREAD ", $	12.00 ,
75,350602-2,"MICRO-GRIP ROD 8"" 1/4-20 FEMALE THREAD ", $	10.00 ,
75,350602-6,"MICRO-GRIP ROD 6"" 1/4-20 FEMALE THREAD ", $	9.00 ,
75,350602-5,"MICRO-GRIP ROD 4"" 1/4-20 FEMALE THREAD ", $	8.00 ,
75,350602-7,"MICROGRIP ROD 20"" W/3/8-16 MALE THREAD", $	17.00 ,
75,350602-8,"MICROGRIP ROD 12"" W/3/8-16 MALE THREAD", $	15.00 ,
75,350602-9,"MICROGRIP ROD 8"" W/3/8-16 MALE THREAD", $	13.00 ,
75,350602-10,"MICROGRIP ROD 6"" W/3/8-16 MALE THREAD", $	12.00 ,
75,350602-11,"MICROGRIP ROD 4"" W/3/8-16 MALE THREAD", $	10.00 ,
76,429482,BRAUER HOSTESS TRAY KIT," $	1,124.00 ",
76,429483,BRAUER MOUNT TRAY ONLY, $	505.00 ,
77,415177,FREEDOM CAR MOUNT KIT," $	1,660.00 ",
77,415178M,"RICKY RODS, 10''", $	30.00 ,
77,415179,RICKY RODS RIGHT ANGLE, $	57.00 ,
78,415176,"QUICK STRUTS -ROPE RATCHET 1/8"" - ", $	16.00 ,
78,415180,SWIVEL HEAD CAMERA MOUNT , $	505.00 ,
78,B350585,QUICK HEAD, $	92.00 ,
78,R54012,"T-HAND,3/8-16 THRU,3.35'' RED", $	9.00 ,
78,B350580,"GRIPHEAD,HOLLYWD,2.5'',BLK.", $	41.00 ,
78,429679,HEAVY WEIGHT HANGER BABY W/ PIN 1/2-13 MALE THREAD, $	14.00 ,
78,420112-S15,"MINI MATTHELLIINI,SATIN BLACK", $	55.00 ,
78,350584,"MINIGRIP,HEAD", $	30.00 ,
78,415173,BALL HEAD ADAPTER 5/8 FEMALE, $	42.00 ,
79,BH-20,BH-20 BALL HEAD, $	163.00 ,
79,BH-30,BH-30 BALL HEAD, $	183.00 ,
79,427015,SUCTION CUP 6'' + BH-20 HEAD, $	267.00 ,
79,427016,SUCTION CUP 10'' + BH-30 HEAD, $	381.00 ,
79,427000,"SUCTION CUP 6'' PUMP, 5/8' PIN", $	119.00 ,Part #417020 in the catalog is incorrect
79,417022,10'' VACUUM CUP W/ SWIVEL HEAD, $	587.00 ,
80,427006,SUCTION CUP 6'' PUMP +CAMERA  MOUNT, $	164.00 ,
80,427005,SUCTION CUP 4.5'' PUMP+CAMERA MOUNT, $	161.00 ,
80,7000,"BPIN,ST,.63D@3.5,1/4-20 FEMALE", $	10.00 ,
80,417026,"SUCTION CUP 4.5'' PUMP, 5/8PIN", $	77.00 ,Price of $204.00 in the catalog is incorrect
80,6049/100,"6""PUMP SUCTION CUP W/3/8-16 ", $	131.00 ,
80,417023,SUCTION CUP 10'' PUMP, $	203.00 ,
80,427018,10'' VACUUM CUP W/CHEESE PLATE, $	255.00 ,
81,417010,10'' CUP W/ 4-WAY TILT, $	983.00 ,Price of $925.00 in the catalog is incorrect
81,417020,4-WAY TILT PLATE, $	632.00 ,
81,417024,"ADAPTER,KIT 4-WAY TILT PLATE", $	89.00 ,
82,415166,HOOD MOUNT KIT ," $	3,366.00 ",
82,735161,SIDE MOUNT  BRACKET," $	1,145.00 ",
82,415167,SIDE MOUNT KIT ," $	2,061.00 ",
83,425153,WORK HORSE CLAMP, $	322.00 ,
83,735156,"STRAP,TIE DOWN#36603 BLACK", $	51.00 ,
83,6111/100,SMALL LEVELING PAD, $	31.00 ,
83,6084/100,LARGE LEVELING PAD, $	46.00 ,Part #6044/100 in the catalog is incorrect
83,425154,"EXTENS,SCREW JACK,9''(4)", $	344.00 ,
83,425155,"EXTENS,SCREW JACK,15''(4)", $	374.00 ,
83,425160,SWIVEL GRID CLAMP, $	41.00 ,Price of $67.00 in the catalog is incorrect
83,425159,RIGHT ANGLE GRID CLAMP, $	34.00 ,Price of $69.00 in the catalog is incorrect
83,425158,JUNIOR GRID CLAMP, $	67.00 ,
83,425157,BABY GRID CLAMP , $	61.00 ,
84,429627,INFINITY ARM, $	337.00 ,"Maximum allowable discount 00%, contact for quote "
84,429626-5,INFNITY GO PRO MOUNT, $	61.00 ,
84,15033-15,MY WAY TO INFINITY ADAPTOR, $	40.00 ,
84,429626-7,INFINITY ARM MINI MATTHELLINI, $	67.00 ,
84,429626-6,INFINITY BABY RECEIVER ASSY, $	46.00 ,
84,429626-11,INFNTY MFER CHSE PLT TIP KIT, $	50.00 ,
84,429626-9,"INFINITY ARM 5/8"" PIN", $	40.00 ,
84,429626-8,INFINITY ARM COLD SHOE ADAPTER, $	46.00 ,
84,429626-2,"INFINITY BALL 1/4-20"" MALE", $	34.00 ,
84,429626-4,"INFINITY BALL 3/8-16"" MALE", $	34.00 ,
85,415068,THE ELEVATOR KIT," $	4,437.00 ",Price of $4350.00 in the catalog is incorrect. Maxiumum allowabale discount 20% 
86,415165,2X TILT PLATE, $	560.00 ,
86,1880,"NUT,HAND,2.75-12,ALM,MITCHELL", $	79.00 ,
86,415151,"4X-LEVELING HEAD,LOW PROFILE"," $	1,168.00 ",
86,5028,"PLATE,MITCHELL,TOP", $	235.00 ,
86,735152,"PLATE,SLIDE", $	272.00 ,
86,1062-3,LOW PROFILE HANDLE (TIE DOWN) , $	133.00 ,
87,415064,MINI LOW PROFILE LEVEL HEAD," $	1,197.00 ",
87,415065,MINI CHEESE PLATE LEVEL HEAD," $	1,173.00 ",
87,415063,"4X-LEVELING HEAD,MITCHELL"," $	1,100.00 ",
87,395063,"4X-LEVELING HEAD,FLAT", $	937.00 ,
87,725063,"4X-LEVELING HEAD,ELEMAC"," $	1,119.00 ",
87,815121,"ADAPT,CB3(100mm)/H25T", $	625.00 ,
87,515021,ELEMACK TO ELEMACK EXTENSION ARM, $	428.00 ,
87,515024,"ADAPTER,ELEMACK TO MITCHELL", $	428.00 ,
88,815515,"HIGH HAT,6''BB 100MM", $	417.00 ,
88,377715,HIGH HAT BALL 150 mm, $	417.00 ,
88,815510,"HIGH HAT,4.5'' MITCH", $	495.00 ,
88,417006,"CAMERA RISER, 6'',MITCHELL", $	655.00 ,
88,417012,"CAMERA RISER, 12'',MITCHELL", $	655.00 ,
88,395329,"ELEMACK TO MITCHELL ADAPTER 3""", $	417.00 ,
88,845120,"ADAPTER,ELEMAC 100MM/4.0''", $	479.00 ,
88,845122,"ADAPTER,ELEMAC 150MM", $	573.00 ,
88,515025,"ADAPTER,MITCHELL TO ELEMACK", $	344.00 ,
88,12065-02,100mm TOP PLATE, $	126.00 ,Price of $573.00 in the catalog is incorrect 
88,377714,MITCHELL-150mm BOWL  ADAPTER, $	656.00 ,Price of $479.00 in the catalog is incorrect 
88,377710,MITCHELL SACHTLER ADAPTER, $	469.00 ,Price of $344.00 in the catalog is incorrect 
89,415152,LAZY SUZY," $	2,907.00 ",Maximum allowable discount 20%
89,377702,"TELESCOPING BAZOOKA 24"""," $	1,487.00 ",
89,395326,"MINI BAZOOKA 8""", $	426.00 ,
89,515003,ELEMACK MOUNTING PLATE, $	208.00 ,Price of $428.00 in the catalog is incorrect 
89,429779, BABY W/ PIN 3/8-16 MALE THREAD, $	12.00 ,
89,20000-10,"RISR,AL.875""@4.875""5/16-18 TAP", $	24.00 ,
90,249564,STAND SLIDER MINI, $	301.00 ,Maximum allowable discount 35%
90,249561,STAND SLIDER, $	360.00 ,Maximum allowable discount 35%
90,812170,"TRIPOD,MT1"," $	3,388.00 ",
90,812175,"TRIPOD,MT1 W/ TV MITCHELL"," $	3,388.00 ",
90,811171,"DOLLY,D7A,FOR MT1"," $	2,056.00 ",
91,399744,CAMERA WEDGE, $	4.00 ,
91,399733,"CRIBBING,1X3", $	5.00 ,
91,399732,"CRIBBING,2X4", $	5.00 ,
91,417013,CAM TANK W/CASE," $	1,479.00 ",Maximum allowable discount 20%
92,395415,DUTTI DOCK (CAMERA DOCK), $	299.00 ,
92,B386032,STEADY REST BLACK, $	149.00 ,
93,395400,"DUTTI DOLLY, SILVER"," $	1,427.00 ",
93,BL395400,"DUTTI DOLLY, BLUE"," $	1,529.00 ",
93,R395400,"DUTTI DOLLY, RED"," $	1,529.00 ",
93,G395400,"DUTTI DOLLY, GREEN"," $	1,529.00 ",
93,B395400,"DUTTI DOLLY, BLACK"," $	1,529.00 ",
,395400C,DUTTI DOLLY CASE ONLY , $	500.00 ,No allowable discount on this item
94,395410,DUTTI DOLLY WING KIT, $	459.00 ,
94,395400K,"DUTTI DOLLY RENTAL KIT, SILVER"," $	2,550.00 ",
94,B395400K,"DUTTI  DOLLY RENTAL KIT, BLACK"," $	2,652.00 ",
94,BL395400K,"DUTTI DOLLY RENTAL KIT, BLUE"," $	2,652.00 ",
94,R395400K,"DUTTI DOLLY RENTAL KIT, RED"," $	2,652.00 ",
94,G395400K,"DUTTI DOLLY RENTAL KIT, GREEN"," $	2,652.00 ",
94,395400KS,"DUTTI DOLLY STARTER KIT, SILVER"," $	1,530.00 ",
94,B395400KS,"DUTTI DOLLY STARTER KIT, BLACK"," $	1,632.00 ",
94,BL95400KS,"DUTTI DOLLY STARTER KIT, BLUE"," $	1,632.00 ",
94,R395400KS,"DUTTI DOLLY STARTER KIT, RED"," $	1,632.00 ",
94,G395400KS,"DUTTI DOLLY STARTER KIT, GREEN"," $	1,632.00 ",
94,B395420K,"DUTTI DOLLY SPEED WHEELS, SET", $	199.00 ,
94,395400-15,"UNIVERSAL STAND BRACKET, EACH", $	79.00 ,
95,1062-3,LOW PROFILE HANDLE (TIE DOWN) , $	133.00 ,
95,395310,DOLLY SEAT ASSEMBLY , $	373.00 ,
95,429680,JUNIOR RECEIVER, $	67.00 ,
95,395500,DUTTI DOLLY MITCHELL RISER KIT, $	187.00 ,
95,395419,DUTTI TRACK ALUM RND @ 6', $	36.00 ,
95,395416,DUTTI TRACK ALUM RND @ 8', $	49.00 ,
95,395418,"DUTTI DOLLY TRACK  1-1/4"" SQ. @ 6'", $	65.00 ,
95,395417,"DUTTI DOLLY TRACK  1-1/4"" SQ. @ 8'", $	85.00 ,
95,395401,"DUTTI DOLLY TRACK, ANGLE @ 4'", $	36.00 ,
95,395402,"DUTTI DOLLY TRACK, ANGLE @ 6'", $	60.00 ,
95,395403,"DUTTI DOLLY TRACK, ANGLE @ 12'", $	95.00 ,
96,395300,ROUNDY DORRWAY DOLLY," $	3,672.00 ",The crate 395315 is required when ordering this item 
,395315,ROUNDY CRATE, $	138.00 ,No allowable discount on this item.  Required when ordering #395300
96,395205,CENTIPEDE II WHEEL SET," $	3,572.00 ",
96,395198,CENTIPEDE II WHEEL SET CASE," $	1,663.00 ",
97,395100,DOORWAY DOLLY," $	2,706.00 ",
97,395043,DOORWAY DOLLY W/TURRET," $	7,588.00 ",
97,395012,SET HOT BUTTONS, $	994.00 ,
98,395047,WESTERN DOLLY," $	3,382.00 ",
98,399734,TRACK WEDGE, $	5.00 ,
98,399733,"CRIBBING,1X3", $	5.00 ,
98,399732,"CRIBBING,2X4", $	5.00 ,
99,397054,"TRACK, HEAVY WALL, STARTER", $	304.00 ,
99,399735,"TRACK, HEAVY WALL, 4' STRAIGHT", $	503.00 ,
99,397055,"TRACK, HEAVY WALL, 8' STRAIGHT", $	609.00 ,$15.00 Shipping/Storage tube required when ordering this item
99,397056,"TRACK, HEAVY WALL, 10' STRAIGHT", $	760.00 ,$20.00 Shipping/Storage tube required when ordering this item
99,397050,"TRACK, HEAVY WALL, 8' CURVED - 20' DIA.", $	807.00 ,
99,397081,"TRACK, HEAVY WALL, 90 DEGREE CURVED", $	937.00 ,
99,397065,"TRACK,STAINLESS STEEL, 4' STRAIGHT", $	573.00 ,
99,397065,"TRACK,STAINLESS STEEL, 8' STRAIGHT", $	885.00 ,$15.00 Shipping/Storage tube required when ordering this item
99,397067,"TRACK,STAINLESS STEEL, 10' STRAIGHT"," $	1,107.00 ",$20.00 Shipping/Storage tube required when ordering this item
99,397059,"TRACK, STAINLESS STEEL, 8' CURVED - 20' DIA."," $	1,130.00 ",
99,397080,"TRACK, STAINLESS STEEL, 90 DEGREE CURVED"," $	1,145.00 ",
101,169211,"VOODOO CLOTH, 4'X4' SLIP ON", $	179.00 ,
101,319752,"VOODOO CLOTH, 6'X6'", $	204.00 ,
101,319755,"VOODOO CLOTH, 8'X8'", $	266.00 ,
101,319753,"VOODOO CLOTH, 12'X12'", $	490.00 ,
101,319754,"VOODOO CLOTH, 20'X20'", $	980.00 ,
101,569149-1/100,"VOODOO CLOTH 60 "" NFR",,MARKET PRICE
101,319759,"SAIL CLOTH, 6'X6'", $	146.00 ,
101,319761,"SAIL CLOTH, 8'X8'", $	206.00 ,
101,319762,"SAIL CLOTH, 12'X12'", $	382.00 ,
101,319763,"SAIL CLOTH, 20'X20'", $	994.00 ,
101,47-1052,"SAIL CLOTH,58''W",,MARKET PRICE
102,319081,"SINGLE SCRIM, 6'X6'", $	172.00 ,
102,319400,"SINGLE SCRIM, 8'X8'", $	265.00 ,
102,319087,"SINGLE SCRIM, 12'X12'", $	556.00 ,
102,319684,"SINGLE SCRIM, 12'X20'", $	762.00 ,
102,319588,"SINGLE SCRIM, 20'X20'"," $	1,208.00 ",
102,319625,"SINGLE SCRIM, 20'X30'"," $	1,577.00 ",
102,559152,"BOBNET,BLACK,288W",,MARKET PRICE
102,309082,"DOUBLE SCRIM, 6'X6'", $	272.00 ,
102,319401,"DOUBLE SCRIM, 8'X8'", $	410.00 ,
102,319088,"DOUBLE SCRIM, 12'X12'", $	916.00 ,
102,319685,"DOUBLE SCRIM, 12'X20'"," $	1,694.00 ",
102,319599,"DOUBLE SCRIM, 20'X20'"," $	2,081.00 ",
102,309609,"SINGLE SCRIM, WHITE 6'X6'", $	277.00 ,
102,319407,"SINGLE SCRIM, WHITE 8'X8'", $	468.00 ,
102,319612,"SINGLE SCRIM, WHITE 12'X12'"," $	1,005.00 ",
102,319661,"SINGLE SCRIM, WHITE 12'X20'", $	762.00 ,
102,319645,"SINGLE SCRIM, WHITE 20'X20'"," $	2,703.00 ",
102,559153,"BOBNET,WHITE,288W",,MARKET PRICE
102,309085,"DOUBLE SCRIM, WHITE, 6'X6'", $	498.00 ,
102,319408,"DOUBLE SCRIM, WHITE, 8'X8'", $	853.00 ,
102,319090,"DOUBLE SCRIM, WHITE, 12'X12'"," $	1,913.00 ",
102,319684,"DOUBLE SCRIM, WHITE, 12'X20'"," $	2,691.00 ",Price $762.00 in the catalog is incorrect
102,319616,"DOUBLE SCRIM, WHITE, 20'X20'"," $	5,201.00 ",
102,309114,"CHROMAKEY BLUE, 6'X6'", $	199.00 ,
102,319436,"CHROMAKEY BLUE, 8'X8'", $	317.00 ,
102,319095,"CHROMAKEY BLUE, 12'X12'", $	527.00 ,
102,319098,"CHROMAKEY BLUE, 20'X20'"," $	1,052.00 ",
102,319712,"CHROMAKEY BLUE, 20'X30'"," $	1,519.00 ",
102,6303,CHROMAKEY BLUE 60'' WIDE ,,MARKET PRICE
102,309115,"CHROMAKEY GREEN, 6'X6'", $	199.00 ,
102,319437,"CHROMAKEY GREEN, 8'X8'", $	317.00 ,
102,319096,"CHROMAKEY GREEN, 12'X12'", $	527.00 ,
102,319097,"CHROMAKEY GREEN, 20'X20'"," $	1,052.00 ",
102,319711,"CHROMAKEY GREEN, 20'X30'"," $	1,519.00 ",
102,6304,CHROMAKEY GREEN 60'' WIDE ,,MARKET PRICE
102,319162,CHROMAKEY BLUE/GREEN 6'X6', $	293.00 ,
102,319161,CHROMAKEY BLUE/GREEN 8'X8', $	410.00 ,
102,319160,CHROMAKEY BLUE/GREEN 12'X12', $	702.00 ,
102,319159,CHROMAKEY BLUE/GREEN 20'X20'," $	1,216.00 ",
102,6306,CHROMAKEY BLUE/GREEN 60'' WIDE ,,MARKET PRICE
102,319828,"DIGITAL BLUE, 6'X6'", $	209.00 ,
102,319829,"DIGITAL BLUE, 8'X8'", $	326.00 ,
102,319826,"DIGITAL BLUE, 12'X12'", $	585.00 ,
102,319827,"DIGITAL BLUE, 20'X20'"," $	1,057.00 ",
102,6313,DIGITAL BLUE 60'' WIDE ,,MARKET PRICE
102,319794,"DIGITAL GREEN, 6'X6'", $	209.00 ,
102,319790,"DIGITAL GREEN, 8'X8'", $	326.00 ,
102,319792,"DIGITAL GREEN, 12'X12'", $	585.00 ,
102,319793,"DIGITAL GREEN, 20'X20'"," $	1,052.00 ",
102,6305,DIGITAL GREEN 60'' WIDE ,,MARKET PRICE
102,319617,DIGITAL BLUE/GREEN 6'X6', $	302.00 ,
102,319165,DIGITAL BLUE/GREEN 8'X8', $	417.00 ,
102,319164,DIGITAL BLUE/GREEN 12'X12', $	713.00 ,
102,319167,DIGITAL BLUE/GREEN 20'X20'," $	1,229.00 ",
102,6314,DIGITAL BLUE/GREEN 60'' WIDE ,,MARKET PRICE
103,B309084,"BLACK ARTIFICIAL SILK, 6'X6'", $	132.00 ,Price of $172.00 in the catalog is incorrect
103,B319403,"BLACK ARTIFICIAL SILK, 8'X8'", $	163.00 ,
103,B319000,"BLACK ARTIFICIAL SILK, 12'X12'", $	261.00 ,
103,B319687,"BLACK ARTIFICIAL SILK, 12'X20'", $	485.00 ,
103,B319544,"BLACK ARTIFICIAL SILK, 20'X20'", $	495.00 ,
103,B569145,"BLACK ARTIFICIAL, 60"" WIDE",,MARKET PRICE
103,309084,"WHITE ARTIFICIAL SILK, 6'X6'", $	132.00 ,Price of $172.00 in the catalog is incorrect
103,319403,"WHITE ARTIFICIAL SILK, 8'X8'", $	163.00 ,
103,319000,"WHITE ARTIFICIAL SILK, 12'X12'", $	261.00 ,
103,319687,"WHITE ARTIFICIAL SILK, 12'X20'", $	485.00 ,
103,319544,"WHITE ARTIFICIAL SILK, 20'X20'", $	495.00 ,
103,319626,"WHITE ARTIFICIAL SILK, 20'X30'", $	968.00 ,
103,319628,"WHITE ARTIFICIAL SILK, 30'X30'"," $	1,405.00 ",
103,569145,"WHITE ARTIFICIAL SILK, 60"" WIDE",,MARKET PRICE
103,B309610,"BLACK 1/4 STOP SILK, 6'X6'", $	130.00 ,
103,B319405,"BLACK 1/4 STOP SILK, 8'X8'", $	194.00 ,
103,B319613,"BLACK 1/4 STOP SILK, 12'X12'", $	363.00 ,
103,B319688,"BLACK 1/4 STOP SILK, 12'X20'", $	509.00 ,
103,B319646,"BLACK 1/4 STOP SILK, 20'X20'", $	819.00 ,
103,B6157,"BLACK 1/4 STOP SILK, 118"" WIDE",,MARKET PRICE
103,309610,"WHITE 1/4 STOP SILK, 6'X6'", $	130.00 ,
103,319405,"WHITE 1/4 STOP SILK, 8'X8'", $	194.00 ,
103,319613,"WHITE 1/4 STOP SILK, 12'X12'", $	363.00 ,
103,319688,"WHITE 1/4 STOP SILK, 12'X20'", $	509.00 ,
103,319646,"WHITE 1/4 STOP SILK, 20'X20'", $	819.00 ,
103,6157,"WHITE 1/4 STOP SILK, 118"" WIDE",,MARKET PRICE
103,B309605,"BLACK CHINA SILK, 6'X6'", $	188.00 ,
103,B319404,"BLACK CHINA SILK, 8'X8'", $	287.00 ,
103,B319609,"BLACK CHINA SILK,12'X12'", $	498.00 ,
103,B319643,"BLACK CHINA SILK, 12'X20'", $	916.00 ,
103,B319644,"BLACK CHINA SILK, 20'X20'"," $	1,228.00 ",
103,47-1013B,"BLACK CHINA SILK, 45"" WIDE",,MARKET PRICE
103,309605,"WHITE CHINA SILK, 6'X6'", $	188.00 ,
103,319404,"WHITE CHINA SILK, 8'X8'", $	287.00 ,
103,319609,"WHITE CHINA SILK, 12'X12'", $	498.00 ,
103,319643,"WHITE CHINA SILK, 12'X20'", $	916.00 ,
103,319644,"WHITE CHINA SILK, 20'X20'"," $	1,228.00 ",
103,47-1013,"WHITE CHINA SILK, 45"" WIDE",,MARKET PRICE
103,309100,"SILVER LAME, 6'X6'", $	235.00 ,
103,309102,"SILVER LAME, 8'X8'", $	334.00 ,
103,309104,"SILVER LAME, 12'X12'", $	537.00 ,
103,309106,"SILVER LAME, 20'X20'"," $	1,145.00 ",
103,319714,"SILVER LAME, 20'X30'"," $	3,018.00 ",
103,589149,"SILVER LAME, 45"" WIDE",,MARKET PRICE
103,309101,"GOLD LAME, 6'X6'", $	235.00 ,
103,309103,"GOLD LAME, 8'X8'", $	334.00 ,
103,309105,"GOLD LAME, 12'X12'", $	537.00 ,
103,309107,"GOLD LAME, 20'X20'"," $	1,145.00 ",
103,589150,"GOLD LAME, 45"" WIDE",,MARKET PRICE
103,309131,"CHECKERBOARD LAME, 6'X6'", $	480.00 ,
103,309132,"CHECKERBOARD LAME, 8'X8'", $	667.00 ,
103,309133,"CHECKERBOARD LAME, 12'X12'"," $	1,457.00 ",
103,309134,"CHECKERBOARD LAME, 20'X20'"," $	2,706.00 ",Price of $0 in the catalog is incorrect
104,570003,"SILVER GRIFFLECTOR, 6'X6'", $	292.00 ,
104,570012,"SILVER GRIFFLECTOR, 8'X8'", $	398.00 ,
104,570004,"SILVER GRIFFLECTOR, 12'X12'", $	672.00 ,
104,570005,"SILVER GRIFFLECTOR, 20'X20'"," $	1,769.00 ",
104,6104/100,,,"Incorrect in the catalog, this item is not sold in bulk"
104,309606,"SILVER MATTHFLECTOR, 6'X6'", $	199.00 ,
104,309629,"SILVER MATTHFLECTOR, 8'X8'", $	370.00 ,
104,309607,"SILVER MATTHFLECTOR, 12'X12'", $	615.00 ,
104,309608,"SILVER MATTHFLECTOR, 20'X20'"," $	1,405.00 ",
104,6104/100,"SILVER OMEGA, 54"" WIDE",,MARKET PRICE
104,309083,"BLACK SOLID, 6'X6'", $	130.00 ,
104,319402,"BLACK SOLID, 8'X8'", $	168.00 ,
104,319089,"BLACK SOLID, 12'X12'", $	292.00 ,Price of $0 in the catalog is incorrect
104,319686,"BLACK SOLID, 12""X20'", $	448.00 ,
104,319524,"BLACK SOLID, 20'X20'", $	608.00 ,
104,319627,"BLACK SOLID, 20'X30'", $	877.00 ,
104,319629,"BLACK SOLID, 30'X30'"," $	2,142.00 ",
104,579149,"DUVETYNE,BLACK,54''WIDE",,MARKET PRICE
104,319800,"WHITE SOLID, 6'X6'", $	144.00 ,
104,319801,"WHITE SOLID, 8'X8'", $	225.00 ,
104,319802,"WHITE SOLID, 12'X12'", $	360.00 ,Price of $0 in the catalog is incorrect
104,319803,"WHITE SOLID, 20'X20'", $	850.00 ,
104,579151-1,"DUVETYNE,WHITE,54''WIDE",,MARKET PRICE
104,319910,"WET SOLID, 6'X6'", $	146.00 ,
104,319911,"WET SOLID, 8'X8'", $	220.00 ,
104,319912,"WET SOLID, 12'X12'", $	324.00 ,
104,319913,"WET SOLID, 20'X20'", $	700.00 ,
104,6299/100,"WATER BLACK, 58"" WIDE",,MARKET PRICE
104,319009,"MATTHBOUNCE, 6'X6'", $	160.00 ,
104,319010,"MATTHBOUNCE, 8'X8'", $	235.00 ,
104,319011,"MATTHBOUNCE, 12'X12'", $	468.00 ,Part #309011 in the catalog is incorrect
104,319012,"MATTHBOUNCE, 20'X20'"," $	1,168.00 ",Part #309012 in the catalog is incorrect
104,719200,"MATTHBOUNCE, 60"" WIDE",,MARKET PRICE
105,719104,"GRIFFOLYN B/W T55, 6'X6'", $	105.00 ,
105,319406,"GRIFFOLYN B/W T55, 8'X8'", $	168.00 ,
105,719090,"GRIFFOLYN B/W T55, 12'X12'", $	235.00 ,
105,719125,"GRIFFOLYN B/W T55, 12'X20'", $	329.00 ,
105,719547,"GRIFFOLYN B/W T55, 20'X20'", $	440.00 ,
105,719548,"GRIFFOLYN B/W T55, 20'X30'", $	567.00 ,
105,719153,"GRIFFOLYN B/W T55, 12'X100'",,MARKET PRICE
105,719154,"GRIFFOLYN B/W T55, 20'X100'",,MARKET PRICE
105,719671,"GRIFFOLYN W/W T55, 6'X6'", $	119.00 ,
105,719114,"GRIFFOLYN W/W T55, 8'X8'", $	188.00 ,
105,719672,"GRIFFOLYN W/W T55, 12'X12'", $	235.00 ,Part # and price are not listed in the catalog 
105,719763,"GRIFFOLYN W/W T55, 20'X20'", $	527.00 ,
105,719155,"GRIFFOLYN W/W T55, 12'X100'",,MARKET PRICE
105,719156,"GRIFFOLYN W/W T55, 20'X100'",,MARKET PRICE
105,719706,"GRIFFOLYN B/W T90, 6'X6'", $	183.00 ,
105,719108,"GRIFFOLYN B/W T90, 8''X8'", $	230.00 ,
105,719707,"GRIFFOLYN B/W T90, 12'X12'", $	323.00 ,Part # and price are not listed in the catalog 
105,719708,"GRIFFOLYN B/W T90, 20'X20'", $	702.00 ,
105,719197/100,"GRIFFOLYN W/W T90, 20'X100'",,MARKET PRICE
105,719194,"GRIFFOLYN B/W T55, SQ. FOOT",,MARKET PRICE
105,309603,"GRID CLOTH, 6'X6'", $	146.00 ,
105,309614,"GRID CLOTH, 8'X8'", $	235.00 ,
105,319017,"GRID CLOTH, 12'X12'", $	498.00 ,
105,319615,"GRID CLOTH, 20'X20'"," $	1,052.00 ",
105,309615,"GRID CLOTH, 20'X30'"," $	1,461.00 ",
105,319631,"GRID CLOTH, 30'X30'"," $	2,191.00 ",
105,589145,"GRID CLOTH, 60"" WIDE ",,MARKET PRICE
105,309604,"LITE GRID CLOTH, 6'X6'", $	146.00 ,
105,309616,"LITE GRID CLOTH, 8'X8'", $	235.00 ,
105,319016,"LITE GRID CLOTH, 12'X12'", $	498.00 ,
105,319614,"LITE GRID CLOTH, 20'X20'"," $	1,052.00 ",
105,319617,"LITE GRID CLOTH, 20'X30'"," $	1,461.00 ",
105,319632,"LITE GRID CLOTH, 30'X30'"," $	2,191.00 ",
105,589146,"LITE GRID CLOTH, 54"" WIDE ",,MARKET PRICE
105,309665,"1/4 GRID CLOTH, 6'X6'", $	146.00 ,
105,309666,"1/4 GRID CLOTH, 8'X8'", $	235.00 ,
105,309667,"1/4 GRID CLOTH, 12'X12'", $	498.00 ,
105,309668,"1/4 GRID CLOTH, 20'X20'"," $	1,052.00 ",
105,589154,"1/4 GRID CLOTH, 54"" WIDE ",,MARKET PRICE
105,319785,"SILENT GRID CLOTH, 6'X6'", $	146.00 ,
105,319820,"SILENT GRID CLOTH, 8'X8'", $	235.00 ,
105,319786,"SILENT GRID CLOTH, 12'X12'", $	498.00 ,
105,319121,"SILENT GRID CLOTH, 20'X20'"," $	1,052.00 ",
105,47-1014,"SILENT GRID CLOTH, 54"" WIDE ",,MARKET PRICE
105,319784,"SILENT LITE GRID CLOTH, 6'X6'", $	146.00 ,
105,319119,"SILENT LITE GRID CLOTH, 8'X8'", $	235.00 ,
105,319118,"SILENT LITE GRID CLOTH, 12'X12'", $	498.00 ,
105,319117,"SILENT LITE GRID CLOTH, 20'X20'"," $	1,052.00 ",
105,47-1007,"SILENT LITE GRID CLOTH, 54"" WIDE",,MARKET PRICE
105,319149,"SILENT 1/4 GRID CLOTH, 6'X6'", $	146.00 ,
105,319148,"SILENT 1/4 GRID CLOTH, 8'X8'", $	235.00 ,
105,319147,"SILENT 1/4 GRID CLOTH, 12'X12'", $	498.00 ,
105,319120,"SILENT 1/4 GRID CLOTH, 20'X20'"," $	1,052.00 ",
105,47-1060,"SILENT 1/4 GRID CLOTH, 54"" WIDE",,MARKET PRICE
106,309620,"BLEACHED MUSLIN, SEAMED, 12'X12'", $	323.00 ,
106,309621,"BLEACHED MUSLIN, SEAMED, 20'X20'", $	732.00 ,
106,309622,"BLEACHED MUSLIN, SEAMED, 20'X30'"," $	1,105.00 ",
106,309633,"BLEACHED MUSLIN, SEAMED, 30'X30'"," $	2,185.00 ",
106,309625,"UNBLEACHED MUSLIN, SEAMED, 12'X12'", $	323.00 ,
106,309626,"UNBLEACHED MUSLIN, SEAMED, 20'X20'", $	732.00 ,
106,309627,"UNBLEACHED MUSLIN, SEAMED, 20'X30'"," $	1,105.00 ",
106,319634,"UNBLEACHED MUSLIN, SEAMED, 30'X30'"," $	3,111.00 ",
106,309618,"BLEACHED MUSLIN, SEAMLESS, 6'X6", $	130.00 ,
106,309619,"BLEACHED MUSLIN, SEAMLESS, 8'X8'", $	177.00 ,
106,309658,"BLEACHED MUSLIN, SEAMLESS, 12'X12'", $	382.00 ,
106,309659,"BLEACHED MUSLIN, SEAMLESS, 20'X20'"," $	1,519.00 ",
106,319715,"BLEACHED MUSLIN, SEAMLESS, 20'X30'"," $	2,219.00 ",
106,589156,"BLEACHED MUSLIN,108'' WIDE",,MARKET PRICE
106,309623,"UNBLEACHED MUSLIN, SEAMLESS, 6'X6'", $	130.00 ,
106,309624,"UNBLEACHED MUSLIN, SEAMLESS, 8'X8'", $	177.00 ,
106,309660,"UNBLEACHED MUSLIN, SEAMLESS, 12'X12'", $	382.00 ,
106,309661,"UNBLEACHED MUSLIN, SEAMLESS, 20'X20'"," $	1,519.00 ",
106,589157,"UNBLEACHED MUSLIN, 108"" WIDE",,MARKET PRICE
106,319706,"HI LITE, WELDED, 6'X6'", $	445.00 ,
106,319707,"HI LITE, WELDED, 8'X8'", $	823.00 ,
106,319708,"HI LITE, WELDED, 12'X12'"," $	1,052.00 ",
106,319709,"HI LITE, WELDED, 20'X20'"," $	2,335.00 ",
106,319696/100,,,"Part# not correct in catalog, this item is not sold in bulk"
106,319021,"HI LITE, SEWN, 6'X6'", $	282.00 ,
106,319023,"HI LITE, SEWN, 8'X8'", $	410.00 ,
106,319025,"HI LITE, SEWN, 12'X12'", $	667.00 ,
106,319027,"HI LITE, SEWN, 20'X20'"," $	1,403.00 ",
106,319696/100,"HI LITE, 55"" WIDE ",,MARKET PRICE
106,319743,"SILENT FROST, WELDED, 6'X6'", $	323.00 ,
106,319744,"SILENT FROST, WELDED, 8'X8'", $	539.00 ,
106,319745,"SILENT FROST, WELDED, 12'X12'", $	729.00 ,
106,319746,"SILENT FROST, WELDED, 20'X20'"," $	1,977.00 ",
106,319697/100,,,"Part # not correct in catalog, this item is not sold in bulk"
106,319022,"SILENT FROST, SEWN, 6'X6'", $	235.00 ,
106,319024,"SILENT FROST, SEWN, 8'X8'", $	313.00 ,
106,319026,"SILENT FROST, SEWN, 12'X12'", $	527.00 ,
106,319028,"SILENT FROST, SEWN, 20'X20'"," $	1,168.00 ",
106,319697/100,"SILENT FROST, 48"" WIDE",,MARKET PRICE
107,B6090-12,MATTH TIES - 12 PACK, $	27.00 ,
107,B6090-20,MATTH TIES - 20 PACK, $	37.00 ,
107,719702,GRIFF CLIPS - 2 PACKAGES OF 50, $	136.00 ,
107,719709,"DUVETAPE, 2"" x 5 YARDS", $	13.00 ,
107,719714,"DUVETAPE, 3"" x 5 YARDS", $	19.00 ,
107,719701,"GRIFF TAPE, WHITE", $	119.00 ,
107,719703,"GRIFF TAPE, BLACK", $	119.00 ,
107,719704,"FAB TAPE, 1.5"" x 100'", $	94.00 ,
108,350595,"ROAD RAG KIT, 18""X24""", $	293.00 ,Maximum allowable discount 35%
108,350596,"ROAD RAG KIT, 24""X36"" ", $	496.00 ,Maximum allowable discount 35%
108,149010,"ROAD RAG SINGLE, 18""X24""", $	39.00 ,Maximum allowable discount 35%
108,149012,"ROAD RAG SINGLE, 24""X36""", $	83.00 ,Maximum allowable discount 35%
108,149013,"ROAD RAG DOUBLE, 18""X24""", $	56.00 ,Maximum allowable discount 35%
108,149019,"ROAD RAG DOUBLE, 24""X36""", $	100.00 ,Maximum allowable discount 35%
108,149015,"ROAD RAG ARTIFICIAL SILK, 18""X24""", $	30.00 ,Maximum allowable discount 35%
108,149009,"ROAD RAG ARTIFICIAL SILK, 24""X36""", $	69.00 ,Maximum allowable discount 35%
108,149018,"ROAD RAG SOLID, 18""X24""", $	30.00 ,Maximum allowable discount 35%
108,149008,"ROAD RAG SOLID, 24""X36""", $	89.00 ,Maximum allowable discount 35%
108,149011,"ROAD RAG GOLD LAME, 18""X24""", $	48.00 ,Maximum allowable discount 35%
108,149006,"ROAD RAG GOLD LAME, 24""X36""", $	89.00 ,Maximum allowable discount 35%
108,149016,"ROAD RAG SILVER LAME, 18""X24""", $	48.00 ,Maximum allowable discount 35%
108,149007,"ROAD RAG SILVER LAME, 24""X36""", $	89.00 ,Maximum allowable discount 35%
108,149017,"ROAD RAG SILVER MATTHFLECTOR, 18""X24""", $	36.00 ,Maximum allowable discount 35%
108,149004,"ROAD RAG SILVER MATTHFLECTOR, 24""X36""", $	89.00 ,Maximum allowable discount 35%
108,169190,"ROAD RAG FRAME, 18""X24""", $	89.00 ,Maximum allowable discount 35%
108,169191,"ROAD RAG FRAME, 24""X36""", $	100.00 ,Maximum allowable discount 35%
108,309299,"ROAD RAG BAG, 18""X24""", $	46.00 ,Maximum allowable discount 35%
108,309298,"ROAD RAG BAG, 24""X36""", $	89.00 ,Maximum allowable discount 35%
109,350598,MINI GRIP KIT, $	281.00 ,Maximum allowable discount 35%
109,420112-S15,"MINI MATTHELLIINI,SATIN BLACK", $	55.00 ,$30.00 in catlog is incorrect
109,350584,"MINIGRIP,HEAD", $	30.00 ,$56.00 in catalog is incorrect
109,350601,"MINI GRIP 20"" ARM ", $	56.00 ,Maximum allowable discount 35%
109,445375,MINI GRIP BAG , $	30.00 ,Maximum allowable discount 35%
109,999026,ROAD RAG C-VIVAL KIT ," $	1,301.00 ",
110,999028,ROAD FLAG II KIT , $	833.00 ,Maximum allowable discount 35%
110,169197,ROAD FLAG SOLID, $	131.00 ,Maximum allowable discount 35%
110,169198,ROAD FLAG SILVER LAME, $	136.00 ,Maximum allowable discount 35%
110,169199,ROAD FLAG GOLD LAME , $	136.00 ,Maximum allowable discount 35%
110,169202,ROAD FLAG GREEN SCREEN, $	147.00 ,Maximum allowable discount 35%
110,169200,ROAD FLAG BLUE SCREEN, $	147.00 ,Maximum allowable discount 35%
110,169207,ROAD FLAG FLOPPY , $	188.00 ,Maximum allowable discount 35%
110,169196,ROAD FLAG SINGLE, $	151.00 ,Maximum allowable discount 35%
110,169194,ROAD FLAG DOUBLE, $	209.00 ,Maximum allowable discount 35%
110,169193,ROAD FLAG ARTIFICIAL SILK , $	131.00 ,Maximum allowable discount 35%
110,169150,ROAD FLAG BAG, $	255.00 ,Maximum allowable discount 35%
110,169614,ROAD FLAG FRAME , $	173.00 ,Maximum allowable discount 35%
110,539189,"48""X48"" FRAME ", $	72.00 ,
111,219005,"DOTS, SET OF 18", $	531.00 ,
111,229076,"FINGERS, SET OF 12", $	354.00 ,
111,219063,"DOT, 3"" BLACK SINGLE", $	30.00 ,
111,219066,"DOT, 6"" BLACK SINGLE", $	32.00 ,
111,219610,"DOT, 10"" BLACK SINGLE", $	32.00 ,
111,219073,"DOT, 3"" BLACK DOUBLE", $	30.00 ,
111,219076,"DOT, 6"" BLACK DOUBLE", $	32.00 ,
111,219710,"DOT, 10"" BLACK DOUBLE", $	32.00 ,
111,219111,"DOT, 3"" WHITE SINGLE ", $	40.00 ,
111,219112,"DOT, 6"" WHITE SINGLE ", $	42.00 ,
111,219113,"DOT, 10"" WHITE SINGLE ", $	49.00 ,
111,219093,"DOT, 3"" ARTIFICIAL SILK ", $	30.00 ,
111,219096,"DOT, 6"" ARTIFICIAL SILK ", $	32.00 ,
111,219910,"DOT, 10"" ARTIFICIAL SILK ", $	32.00 ,
111,219114,"DOT, 3"" 1/4 STOP SILK ", $	30.00 ,
111,219115,"DOT, 6"" 1/4 STOP SILK ", $	32.00 ,
111,219116,"DOT, 10"" 1/4 STOP SILK ", $	32.00 ,
111,219083,"DOT, 3"" SOLID", $	30.00 ,
111,219086,"DOT, 6"" SOLID", $	32.00 ,
111,219810,"DOT, 10"" SOLID", $	32.00 ,
111,219193,"DOT, 3"" LAVENDER", $	30.00 ,
111,219196,"DOT, 6"" LAVENDER", $	32.00 ,
111,219110,"DOT, 10"" LAVENDER", $	32.00 ,
111,229722,"FINGER, 2""X12"" BLACK SINGLE ", $	32.00 ,
111,229724,"FINGER, 4""X14"" BLACK SINGLE ", $	32.00 ,
111,229732,"FINGER, 2""X12"" BLACK DOUBLE", $	32.00 ,
111,229734,"FINGER, 4""X14"" BLACK DOUBLE", $	32.00 ,
111,229105,"FINGER, 2""X12"" WHITE SINGLE", $	39.00 ,
111,229106,"FINGER, 4""X14"" WHITE SINGLE", $	42.00 ,
111,229752,"FINGER, 2""X12"" ARTIFICIAL SILK", $	31.00 ,
111,229754,"FINGER, 4""X14"" ARTIFICIAL SILK", $	32.00 ,
111,229107,"FINGER, 2""X12"" 1/4 STOP SILK ", $	32.00 ,
111,229108,"FINGER, 4""X14"" 1/4 STOP SILK ", $	32.00 ,
111,229742,"FINGER, 2""X12"" SOLID", $	32.00 ,
111,229744,"FINGER, 4""X14"" SOLID", $	32.00 ,
111,229102,"FINGER, 2""X12"" LAVENDER ", $	32.00 ,
111,229104,"FINGER, 4""X14"" LAVENDER", $	32.00 ,
111,999003,DOT & FINGER KIT," $	1,020.00 ",
111,445379,DOT & FINGER POUCH ONLY, $	177.00 ,
112,238120,"FLEX SCRIM, 10""X12"" BLACK SINGLE", $	41.00 ,
112,238220,"FLEX SCRIM, 12""X20"" BLACK SINGLE", $	53.00 ,
112,238121,"FLEX SCRIM, 10""X12"" BLACK DOUBLE", $	47.00 ,
112,238221,"FLEX SCRIM, 12""X20"" BLACK DOUBLE", $	59.00 ,
112,238122,"FLEX SCRIM, 10""X12"" SOLID", $	59.00 ,
112,238223,"FLEX SCRIM, 12""X20"" SOLID", $	67.00 ,
112,B238123,"FLEX SCRIM, 10""X12"" BLACK ARTIFICIAL SILK", $	36.00 ,
112,B238224,"FLEX SCRIM, 12""X20"" BLACK ARTIFICIAL SILK", $	44.00 ,
112,238123,"FLEX SCRIM, 10""X12"" WHITE ARTIFICIAL SILK", $	36.00 ,
112,238224,"FLEX SCRIM, 12""X20"" WHITE ARTIFICIAL SILK", $	44.00 ,
112,B238126,"FLEX SCRIM, 10""X12"" BLACK 1/4 STOP SILK ", $	42.00 ,
112,238126,"FLEX SCRIM, 10""X12"" WHITE 1/4 STOP SILK ", $	42.00 ,
112,B238127,"FLEX SCRIM, 10""X12"" BLACK CHINA SILK", $	39.00 ,
112,238127,"FLEX SCRIM, 10""X12"" WHITE CHINA SILK  ", $	39.00 ,
112,238124,"FLEX SCRIM, 10""X12"" LAVENDER", $	41.00 ,
112,238225,"FLEX SCRIM, 12""X20"" LAVENDER", $	41.00 ,
112,999001,"SURVIVAL KIT, FLEX SCRIM "," $	2,652.00 ",
113,149052,"BLACK SINGLE SCRIM, 12""X18""", $	41.00 ,
113,149066,"BLACK SINGLE SCRIM, 18""X24""", $	53.00 ,
113,149105,"BLACK SINGLE SCRIM, 24""X30""", $	69.00 ,
113,149063,"BLACK SINGLE SCRIM, 24""X36""", $	67.00 ,
113,149020,"BLACK SINGLE SCRIM, 30""X36""", $	89.00 ,
113,149058,"BLACK DOUBLE SCRIM, 12""X18""", $	47.00 ,
113,149061,"BLACK DOUBLE SCRIM, 18""X24""", $	69.00 ,Price of $59.00 in the catalog is incorrect
113,149106,"BLACK DOUBLE SCRIM, 24""X30""", $	84.00 ,
113,149064,"BLACK DOUBLE SCRIM, 24""X36""", $	84.00 ,
113,149021,"BLACK DOUBLE SCRIM, 30""X36""", $	111.00 ,
113,149045,"WHITE SINGLE SCRIM, 12""X18""", $	49.00 ,
113,149547,"WHITE SINGLE SCRIM, 18""X24""", $	77.00 ,
113,149109,"WHITE SINGLE SCRIM, 24""X30""", $	99.00 ,
113,149551,"WHITE SINGLE SCRIM, 24""X36""", $	116.00 ,
113,149024,"WHITE SINGLE SCRIM, 30""X36""", $	125.00 ,
113,149047,"WHITE DOUBLE SCRIM, 12""X18""", $	75.00 ,
113,149554,"WHITE DOUBLE SCRIM, 18""X24""", $	119.00 ,
113,149111,"WHITE DOUBLE SCRIM, 24""X30""", $	165.00 ,
113,149552,"WHITE DOUBLE SCRIM, 24""X36""", $	165.00 ,
113,149026,"WHITE DOUBLE SCRIM, 30""X36""", $	172.00 ,
113,149169,"BLACK TRIPLE SCRIM, 12""X18""", $	59.00 ,
113,149170,"BLACK TRIPLE SCRIM, 18""X24""", $	67.00 ,
113,149171,"BLACK TRIPLE SCRIM, 24""X30""", $	136.00 ,
113,149172,"BLACK TRIPLE SCRIM, 24""X36""", $	136.00 ,
113,149173,"BLACK TRIPLE SCRIM, 30""X36""", $	142.00 ,
113,B149103,"BLACK ARTIFICIAL SILK, 12""X18""", $	36.00 ,
113,B149545,"BLACK ARTIFICIAL SILK, 18""X24""", $	44.00 ,Part #B149454 in the catalog is incorrect
113,B149107,"BLACK ARTIFICIAL SILK, 24""X30""", $	63.00 ,
113,B149566,"BLACK ARTIFICIAL SILK, 24""X36""", $	63.00 ,
113,B149022,"BLACK ARTIFICIAL SILK, 30""X36""", $	74.00 ,
113,149043,"WHITE ARTIFICIAL SILK, 12""X18""", $	36.00 ,
113,149545,"WHITE ARTIFICIAL SILK, 18""X24""", $	44.00 ,
113,149107,"WHITE ARTIFICIAL SILK, 24""X30""", $	63.00 ,
113,149566,"WHITE ARTIFICIAL SILK, 24""X36""", $	63.00 ,
113,149022,"WHITE ARTIFICIAL SILK, 30""X36""", $	74.00 ,
113,B149046,"BLACK 1/4 STOP SILK, 12""X18""", $	42.00 ,
113,B149549,"BLACK 1/4 STOP SILK, 18""X24""", $	44.00 ,
113,B149110,"BLACK 1/4 STOP SILK, 24""X30""", $	63.00 ,
113,B149550,"BLACK 1/4 STOP SILK, 24""X36""", $	63.00 ,
113,B149025,"BLACK 1/4 STOP SILK, 30""X36""", $	84.00 ,
113,149046,"WHITE 1/4 STOP SILK, 12""X18""", $	42.00 ,
113,149549,"WHITE 1/4 STOP SILK, 18""X24""", $	44.00 ,
113,149110,"WHITE 1/4 STOP SILK, 24""X30""", $	63.00 ,
113,149550,"WHITE 1/4 STOP SILK, 24""X36""", $	63.00 ,
113,149025,"WHITE 1/4 STOP SILK, 30""X36""", $	84.00 ,
113,B238128,"BLACK CHINA SILK, 12""X18""", $	39.00 ,
113,B149555,"BLACK CHINA SILK, 18""X24""", $	49.00 ,
113,B149557,"BLACK CHINA SILK, 24""X30""", $	70.00 ,
113,B149556,"BLACK CHINA SILK, 24""X36""", $	76.00 ,
113,B149031,"BLACK CHINA SILK, 30""X36""", $	86.00 ,
113,238128,"WHITE CHINA SILK, 12""X18""", $	39.00 ,
113,149555,"WHITE CHINA SILK, 18""X24""", $	49.00 ,
113,149557,"WHITE CHINA SILK, 24""X30""", $	70.00 ,
113,149556,"WHITE CHINA SILK, 24""X36""", $	76.00 ,
113,149031,"WHITE CHINA SILK, 30""X36""", $	86.00 ,
113,149044,"LAVENDER, 12""X18""", $	41.00 ,
113,149546,"LAVENDER, 18""X24""", $	50.00 ,
113,149108,"LAVENDER, 24""X30""", $	67.00 ,
113,149548,"LAVENDER, 24""X36""", $	67.00 ,
113,149023,"LAVENDER, 30""X36""", $	72.00 ,
113,159013,"BLACK SINGLE SCRIM, 48""X48""", $	141.00 ,Price of $41.00 in the catalog is incorrect 
113,159014,"BLACK DOUBLE SCRIM, 48""X48""", $	194.00 ,Price of $47.00 in the cagtalog is incorrect
113,159020,"WHITE SINGLE SCRIM, 48""X48""", $	252.00 ,Price of $49.00 in the cagtalog is incorrect
113,159022,"WHITE DOUBLE SCRIM, 48""X48""", $	416.00 ,Price of $75.00 in the catalog is incorrect
113,159177,"BLACK TRIPLE SCRIM, 48""X48""", $	250.00 ,Part #159777 and price of $59.00 in the catalog is incorrect
113,B159015,"BLACK ARTIFICIAL SILK, 48""X48""", $	131.00 ,Price of $36.00 in the catalog is incorrect
113,159015,"WHITE ARTIFICIAL SILK, 48""X48""", $	128.00 ,Price of $36.00 in the catalog is incorrect
113,B159021,"BLACK 1/4 STOP SILK, 48""X48""", $	157.00 ,Price of $42.00 in the catalog is incorrect
113,159021,"WHITE 1/4 STOP SILK, 48""X48""", $	157.00 ,Price of $42.00 in the catalog is incorrect
113,B159031,"BLACK CHINA SILK, 48""X48""", $	141.00 ,Price of $39.00 in the catalog is incorrect
113,159031,"WHITE CHINA SILK, 48""X48""", $	141.00 ,Price of $39.00 in the catalog is incorrect
113,159019,"LAVENDER SCRIM, 48""X48""", $	151.00 ,Price of $41.00 in the catalog is incorrect 
114,169042,"FLAG, 12""X18""", $	44.00 ,
114,169059,"FLAG, 18""X24""", $	48.00 ,
114,169010,"FLAG, 24""X30""", $	64.00 ,
114,169062,"FLAG, 24""X36""", $	55.00 ,
114,169001,"FLAG, 30""X36""", $	69.00 ,
114,169179,"FLAG, 40""X40""", $	121.00 ,
114,169027,"FLAG, 48""X48""", $	108.00 ,
114,169178,"MEAT AXE FLAG, 30""X36", $	74.00 ,"Descrition of 30"" x 46"" and price of $121.00 in the catalog is incorrect"
114,169030,"MEAT AXE FLAG, 24""X48""", $	91.00 ,Price of $108 in the catalog is incorrect
114,169003,"CUTTER, 10""X42""", $	72.00 ,Price of $69.00 in the catalog is incorrect
114,169004,"CUTTER, 18""X48""", $	78.00 ,Price of $121.00 in the catalog is incorrect
114,169067,"CUTTER, 24""X72""", $	183.00 ,Price  of $108.00  in the catalog is incorrect
114,169029,"FLOPPY, 24""X72""", $	183.00 ,"Description of 24""x72"" Cutter is incorrect "
114,169028T,"FLOPPY, 48""X48"" TOP HINGE ", $	183.00 ,
114,169028B,"FLOPPY, 48""X48"" BOTTOM HINGE ", $	183.00 ,
115,709111,"FRAME, 3"" DOT", $	19.00 ,Price of $42.00 in the catalog is incorrect
115,709112,"FRAME, 6"" DOT", $	19.00 ,Price of $42.00 in the catalog is incorrect
115,709113,"FRAME, 10"" DOT", $	20.00 ,Price of $42.00 in the catalog is incorrect
115,709114,"FRAME, 2""X12"" FINGER", $	19.00 ,Price of $49.00 in the catalog is incorrect
115,709115,"FRAME, 4""X14"" FINGER", $	19.00 ,Price of $82.00 in the catalog is incorrect
115,779128,"FLEX FRAME, 10""X12"" OPEN END ", $	22.00 ,Price of $42.00 in the catalog is incorrect
115,779669,"FLEX FRAME, 10""X12"" SOLID", $	22.00 ,Price of $42.00 in the catalog is incorrect
115,779129,"FLEX FRAME, 12""X20"" OPEN END ", $	24.00 ,Price of $49.00 in the catalog is incorrect
115,779700,"FLEX FRAME, 12""X20"" SOLID", $	24.00 ,Price of $82.00 in the catalog is incorrect
115,529176,"FRAME, 12""X18"" OPEN END ", $	20.00 ,
115,529177,"FRAME, 18""X24"" OPEN END ", $	24.00 ,"Description of 18""x12"" in the catalog is incorrect"
115,529178,"FRAME, 24""X30"" OPEN END ", $	24.00 ,Price of $108.00 in the catalog is incorrect
115,529179,"FRAME, 24""X36"" OPEN END ", $	24.00 ,Price of $108.00 in the catalog is incorrect
115,529182,"FRAME, 24""X48"" OPEN END ", $	30.00 ,Price of $108.00 in the catalog is incorrect
115,529180,"FRAME, 30""X36"" OPEN END ", $	30.00 ,Price of $108.00 in the catalog is incorrect
115,539281,"FRAME, 12""X18"" FLAG ", $	25.00 ,
115,539282,"FRAME, 18""X24"" FLAG ", $	28.00 ,"Description of 18""x12"" in the catalog is incorrect"
115,539283,"FRAME, 24""X30"" FLAG ", $	31.00 ,
115,539284,"FRAME, 24""X36"" FLAG ", $	31.00 ,
115,539285,"FRAME, 30""X36"" FLAG ", $	40.00 ,
115,539189,"FRAME, 48""X48"" FLAG ", $	72.00 ,
115,539286,"FRAME, 10""X42"" CUTTER ", $	42.00 ,
115,539287,"FRAME, 18""X48"" CUTTER ", $	49.00 ,
115,539288,"FRAME, 24""X72"" CUTTER ", $	82.00 ,
115,539190,"FRAME, 40""X40"" CUTTER ", $	56.00 ,
115,549099,"GEL FRAME, 36""X36""X3/4"" ", $	115.00 ,Price of $42.00 in the catalog is incorrect
115,549100,"GEL FRAME, 48""X48""X3/4"" ", $	125.00 ,Price of $49.00 in the catalog is incorrect
115,549098,"GEL FRAME, 60""X60'X3/4""", $	182.00 ,Price of $82.00 in the catalog is incorrect
115,549122,"GEL FRAME, 18""X24"" KNIFE BLADE", $	85.00 ,Price of $42.00 in the catalog is incorrect
115,549121,"GEL FRAME, 24""X36"" KNIFE BLADE", $	105.00 ,Part #549126 and price of $49.00 in the catalog is incorrect 
115,549123,"GEL FRAME, 30""X30"" KNIFE BLADE ", $	94.00 ,Price of $82.00 in the catalog is incorrect
115,549126,"GEL FRAME, 48""X48"" KNIFE BLADE ", $	105.00 ,Part #549120 and price of $56.00 in the catalog is incorrect 
116,189093,"CUCOLORIS, WOOD 18""X24""", $	119.00 ,
116,189094,"CUCOLORIS, WOOD 24""X36""", $	165.00 ,
116,189091,"CUCOLORIS, WOOD 48""X48""", $	235.00 ,
116,199101,"CUCOLORIS, CELLO 18""X24""", $	72.00 ,
116,199102,"CUCOLORIS, CELLO 24""X36""", $	94.00 ,
116,199103,"CUCOLORIS, CELLO 40""X40""", $	168.00 ,
116,199104,"CUCOLORIS, CELLO 48""X48""", $	168.00 ,
116,169612,"HOT FLAG, 18""X24""", $	64.00 ,
116,169611,"HOT FLAG, 24""X36""", $	132.00 ,
116,169610,"HOT FLAG, 48""X48""", $	235.00 ,
116,169613,"HOT FLAG, 27""X72""", $	160.00 ,
117,309200,"RAG BAG, SMALL ", $	30.00 ,Part #149027 and price of $244.00 in the catalog is incorrect 
117,309212,"RAG BAG, MEDIUM", $	35.00 ,Part #149028 and price of $365.00 in the catalog is incorrect 
117,309218,"RAG BAG, LARGE", $	51.00 ,Part #149027 and price of $244.00 in the catalog is incorrect 
117,309224,"RAG BAG, EXTRA LARGE ", $	67.00 ,Part #149028 and price of $365.00 in the catalog is incorrect 
117,309300,"FLAG BAG, 12""X18""", $	220.00 ,
117,309301,"FLAG BAG, 18""X24""", $	280.00 ,
117,309302,"FLAG BAG, 24""X36""", $	339.00 ,
117,309303,"FLAG BAG, 30""X36""", $	417.00 ,
117,309304,"FLAG BAG, 48""X48""", $	505.00 ,
117,309306,FLAG BAG SHOULDER STRAP, $	35.00 ,
117,179563,4 PLACE SCRIM/FLAG BOX, $	714.00 ,Part #149027 and price of $244.00 in the catalog are incorrect
117,179554,CASTERED BASE FOR 4 PLACE SCRIM/FLAG BOX, $	382.00 ,Part # 149028 and price of $365.00 in the catalog are incorrect
117,149027,"SCRIM STORAGE BAG, 18""X24""", $	244.00 ,
117,149028,"SCRIM STORAGE BAG, 30""X36""", $	365.00 ,
117,179541,"SCRIM/FLAG BOX, 18""X24""", $	329.00 ,Price of $280.00 in the catalog is incorrect
117,179548,"SCRIM/FLAG BOX, 24""X30""", $	351.00 ,Price of 339.00 in the catalog is incorrect
117,179542,"SCRIM/FLAG BOX, 24""X36""", $	351.00 ,Price of $417.00 in the catalog is incorrect
117,179543,"SCRIM/FLAG BOX, 30""X36""", $	373.00 ,Price of $505.00 in the catalog is incorrect
118,119732,"SILVER REFLECTOR, 42""X42""", $	875.00 ,
118,119070,"GOLD REFLECTOR, 42""X42"""," $	1,070.00 ",
118,119752,"MIRROR REFLECTOR, 41""X42"""," $	1,109.00 ",Price of $875.00 in the catalog is incorrect
118,119751,XENO MIRROR REFLECTOR," $	1,258.00 ",Price of $1070.00 in the catalog is incorrect
118,119753,"REFLECTOR FRAME ONLY, 42""X42"""," $	1,000.00 ",
118,B119069,"SILVER REFLECTOR, 24""X24""", $	224.00 ,Price of $64..00 in the catalog is incorrect
118,B119069G,"GOLD REFLECTOR, 42""X42""", $	224.00 ,Price of $132.00 in the catalog is incorrect
119,119726,"STANDARD SILVER MATTHBOARDM 40""X40""", $	255.00 ,
119,119728,"FILL SILVER MATTHBOARD, 40""X40""", $	255.00 ,
119,B119738,PIVOTING YOKE, $	165.00 ,Price of $119.00 in the catalog is incorrect
119,B119736,POLITO BRACKET, $	209.00 ,
119,139034,RELFECTOR MATERIAL KIT , $	410.00 ,
119,129033,REFLECTOR TOOL KIT , $	67.00 ,
119,139092,"GOLD LEAF, 500 SHEETS ", $	446.00 ,
119,139341,"SILVER LEAF, 500 SHEETS ", $	212.00 ,
119,6059-1/100,"SILVER PAPER, 26"" WIDE ", $	5.00 ,per foot - minimim order 100'
119,6346-1/100,"GOLD PAPER, 26"" WIDE ", $	4.00 ,per foot - minimim order 100'
119,139344,"GOLD SIZE PASTE, 1 QUART", $	87.00 ,
119,9023,"ADHESIVE SPRAY, 16 OZ. CAN ", $	67.00 ,
119,119054,"REFLECTOR BOX, 24""X24"" 2 PLACE ", $	406.00 ,Part #179541 incorrect in the catalog
119,119055,"REFLECTOR BOX, 24""X24"" 4 PLACE", $	469.00 ,Part #179548 incorrect in the catalog
119,119123,"REFLECTOR BOX, 42""X42"" 2 PLACE ", $	686.00 ,Part #179542 incorrect in the catalog
119,119124,"REFLECTOR BOX, 42""X42"" 4 PLACE ", $	744.00 ,Part #179543 incorrect in the catalog
120,622005,"SURVIVAL KIT, COMBO/SCRIM FLAG "," $	3,174.00 ",
120,999002,"SURVIVAL KIT, REFLECTOR "," $	1,858.00 ",
120,999006,"SURIVIAL KIT, SCRIM/FLAG"," $	2,336.00 ",Price of $1858.00 is incorrect in the catalog 
121,999012,"LIGHTING CONTROL KIT, 18""X24""", $	625.00 ,
121,999013,"LIGHTING CONTROL KIT, 24""X36""", $	833.00 ,
121,309108,LIGHT DUTY BUTTERFLY KIT," $	1,031.00 ",
122,309080,"OVERHEAD SET, 6'X6'", $	977.00 ,
122,319414,"OVERHEAD SET, 8'X8'"," $	1,509.00 ",
122,319068,"OVERHEAD SET, 12'X12'"," $	2,397.00 ",
122,999004,C+ SURVIVAL KIT ," $	2,118.00 ",
122,999007,6X6 BUTTERFLY SURVIVAL KIT ," $	1,910.00 ",
123,409106,"HOLLYWOOD FRAME, 6'X6' 1"" SQ.", $	636.00 ,
123,409108,"HOLLYWOOD FRAME, 8'X8"" 1"" SQ.", $	712.00 ,
123,409112,"HOLLYWOOD FRAME, 12'X12"" 1"" SQ.", $	885.00 ,Price not in catalog
123,409520,"FRAME, 20'X20' 1-1/4"" SQ."," $	1,428.00 ",
123,309079,"FRAME, 6'x6"" 1"" ROUND ", $	344.00 ,
123,319413,"FRAME, 8'x8"" 1"" ROUND ", $	573.00 ,
123,319078,"FRAME, 12'x12"" 1"" ROUND ", $	625.00 ,Price not in catalog
123,409201,"FRAME, 6'X6' QUICK CORDER ", $	601.00 ,
123,409202,"FRAME, 8'X8' QUICK CORNER ", $	803.00 ,
123,B309071,"FRAME, 6'X6' SNAP A PART, 3/4"" SQ.", $	339.00 ,
123,409306,"FRAME, 6'X6' SNAP A PART, 1"" SQ", $	833.00 ,
123,409308,"FRAME, 8'X8' SNAP A PART, 1"" SQ", $	859.00 ,
123,409312,"FRAME, 12'X12' SNAP A PART, 1"" SQ"," $	1,093.00 ",Price not in catalog
123,409706,"FRAME, 6'X6' HEAVY DUTY SNAP A PART, 1"" SQ.", $	937.00 ,
123,409708,"FRAME, 8'X8' HEAVY DUTY SNAP A PART, 1"" SQ."," $	1,067.00 ",
123,409712,"FRAME, 12'X12' HEAVY DUTY SNAP A PART, 1"" SQ."," $	1,156.00 ",Price not in catalog
123,409207,"FRAME, 8'X8' SNAP A PART QUICK CORNER, 1"" SQ", $	941.00 ,
123,319604,"FRAME, 20'X20', 1-1/4"" SCH. 40 PIPE "," $	1,301.00 ",
123,319600,"FRAME, 20'X20' DELIXE"," $	2,081.00 ",
124,409001,"CORNR,1''ROUND TUBE", $	41.00 ,
124,319653,"CORNER FOR 1.25"" PIPE BLK NEW", $	69.00 ,
124,319657,"CORNER,1-1/2 PIPE NEW", $	69.00 ,
124,409105-1,CORNER F/1'' SQUARE TUBE NEW, $	57.00 ,
124,409510-1,CORNER F/1.25''SQUARE TUBE NEW, $	57.00 ,
124,409003,H'WOOD CORNER SET KIT (4), $	261.00 ,
124,409200,QUICK CORNER SET (4 PCs)KIT, $	293.00 ,
124,409100-1,, $	57.00 ,Photo and part # have been discontinued 
124,319551,"CONNECTOR F/ 1"" SQUARE TUBE ", $	38.00 ,
124,319550,CONNECTOR F/1-1/4 PIPE, $	38.00 ,
124,319552,CONNECTOR F/1-1/2'' PIPE, $	38.00 ,Price of $71.00 on the catalog is incorrect 
124,409500-3,QUICK REVERSE EAR F/1.25 SQUARE TUBE , $	105.00 ,"Photo is on page #125, same as 409100-3"
124,319651,EAR F/1-1/4'' PIPE, $	64.00 ,
124,319642,"EA F/1-1/2"" PIPE", $	71.00 ,
124,B429616,TUBING HANGER , $	48.00 ,
124,409000,"BABY MOUNTING PIN F/1"" TUBE ", $	38.00 ,
124,409209,"QUICK REVERSED BABY MOUNTING PIN F/1"" SQUARE TUBE ", $	105.00 ,Price of $38.00 in the catalog is incorrect
125,409525,"BACK DROP EAR F/1.25"" PIPE", $	84.00 ,
125,409526,"BACK DROP EAR F/ 1.5"" PIPE", $	84.00 ,
125,409527,"BACK DROP EAR F/1"" SPEED RAIL ", $	82.00 ,
125,409216,"BACK DROP EAR F/ 1"" SQUARE TUBE ", $	126.00 ,
125,409100-3,"QUICK REVERSE EAR F/1"" SQUARE TUBE ", $	102.00 ,Price of $38.00 in the catalog is incorrect
126,441011E,"3"" FULL SINGLE", $	9.00 ,Maximum allowable discount 50%
126,441012E,"3"" FULL DOUBLE", $	10.00 ,Maximum allowable discount 50%
126,441013E,"3"" HALF SINGLE", $	9.00 ,Maximum allowable discount 50%
126,441014E,"3"" HALF DOUBLE ", $	10.00 ,Maximum allowable discount 50%
126,455422E,"3"" 5 PC. SET ", $	39.00 ,Maximum allowable discount 50%
126,441015E,"4-1/4"" FULL SINGLE", $	9.00 ,Maximum allowable discount 50%
126,441016E,"4-1/4"" FULL DOUBLE", $	10.00 ,Maximum allowable discount 50%
126,441017E,"4-1/4"" HALF SINGLE", $	9.00 ,Maximum allowable discount 50%
126,441018E,"4-1/4"" HALF DOUBLE ", $	10.00 ,Maximum allowable discount 50%
126,445300E,"5"" FULL SINGLE", $	13.00 ,Maximum allowable discount 50%
126,445302E,"5"" FULL DOUBLE", $	14.00 ,Maximum allowable discount 50%
126,445301E,"5"" HALF SINGLE ", $	13.00 ,Maximum allowable discount 50%
126,445303E,"5"" HALF DOUBLE ", $	14.00 ,Maximum allowable discount 50%
126,455401E,"5"" 5 PC. SET ", $	59.00 ,Maximum allowable discount 50%
126,445296E,"5-1/4"" FULL SINGLE ", $	13.00 ,Minimum order of 100 pcs. required 
126,445297E,"5-1/4"" FULL DOUBLE", $	14.00 ,Minimum order of 100 pcs. required 
126,445298E,"5-1/4"" HALF SINGLE ", $	13.00 ,Minimum order of 100 pcs. required 
126,445299E,"5-1/4"" HALF SINGLE ", $	14.00 ,Minimum order of 100 pcs. required 
126,445402E,"5-1/4"" 5 PC. SET ", $	57.00 ,Minimum order of 100 pcs. required 
126,435200E,"6-5/8"" FULL SINGLE ", $	14.00 ,Maximum allowable discount 50%
126,435202E,"6-5/8"" FULL DOUBLE ", $	15.00 ,Maximum allowable discount 50%
126,435201E,"6-5/8"" HALF SINGLE ", $	14.00 ,Maximum allowable discount 50%
126,435203E,"6-5/8"" HALF DOUBLE ", $	15.00 ,Maximum allowable discount 50%
126,445403E,"6-5/8"" 5 PC. SET ", $	64.00 ,Maximum allowable discount 50%
126,445310E,"7-1/4"" FULL SINGLE ", $	14.00 ,Maximum allowable discount 50%
126,445312E,"7-1/4"" FULL DOUBLE", $	15.00 ,Maximum allowable discount 50%
126,445311E,"7-1/4"" HALF SINGLE ", $	14.00 ,Maximum allowable discount 50%
126,445313E,"7-1/4"" HALF DOUBLE ", $	15.00 ,Maximum allowable discount 50%
126,445404E,"7-1/4"" 5 PC. SET", $	64.00 ,Maximum allowable discount 50%
126,435196E,"7-3/4"" FULL SINGLE ", $	16.00 ,Maximum allowable discount 50%
126,435198E,"7-3/4"" FULL DOUBLE", $	17.00 ,Maximum allowable discount 50%
126,435197E,"7-3/4"" HALF SINGLE ", $	16.00 ,Maximum allowable discount 50%
126,435199E,"7-3/4"" HALF DOUBLE ", $	17.00 ,Maximum allowable discount 50%
126,445405E,"7-3/4"" 5 PC. SET ", $	75.00 ,Maximum allowable discount 50%
126,435258E,"8-1/2"" FULL SINGLE ", $	16.00 ,Minimum order of 100 pcs. required 
126,435260E,"8-1/2"" FULL DOUBLE ", $	17.00 ,Minimum order of 100 pcs. required 
126,435259E,"8-1/2"" HALF SINGLE ", $	16.00 ,Minimum order of 100 pcs. required 
126,435261E,"8-1/2"" HALF DOUBLE", $	17.00 ,Minimum order of 100 pcs. required 
126,455406E,"8-1/2"" 5 PC. SET ", $	75.00 ,Minimum order of 100 pcs. required 
126,445320E,"9""  FULL SINGLE ", $	16.00 ,Maximum allowable discount 50%
126,445322E,"9""  FULL DOUBLE  ", $	17.00 ,Maximum allowable discount 50%
126,445321E,"9""  HALF SINGLE ", $	16.00 ,Maximum allowable discount 50%
126,445323E,"9""  HALF DOUBLE ", $	17.00 ,Maximum allowable discount 50%
126,455407E,"9""  5 PC. SET ", $	75.00 ,Maximum allowable discount 50%
126,435204E,"9-1/2"" FULL SINGLE ", $	17.00 ,Minimum order of 100 pcs. required 
126,435205E,"9-1/2"" FULL DOUBLE ", $	18.00 ,Minimum order of 100 pcs. required 
126,435206E,"9-1/2"" HALF SINGLE ", $	17.00 ,Minimum order of 100 pcs. required 
126,435207E,"9-1/2"" HALF DOUBLE  ", $	18.00 ,Minimum order of 100 pcs. required 
126,455408E,"9-1/2"" 5 PC. SET ", $	81.00 ,Minimum order of 100 pcs. required 
126,445330E,"10"" FULL SINGLE ", $	17.00 ,Maximum allowable discount 50%
126,445332E,"10"" FULL DOUBLE ", $	18.00 ,Maximum allowable discount 50%
126,445331E,"10"" HALF SINGLE ", $	17.00 ,Maximum allowable discount 50%
126,445333E,"10"" HALF DOUBLE ", $	18.00 ,Maximum allowable discount 50%
126,445409E,"10"" 5 PC. SET ", $	81.00 ,Maximum allowable discount 50%
126,445340E,"12"" FULL SINGLE ", $	22.00 ,Minimum order of 100 pcs. required 
126,445342E,"12"" FULL DOUBLE  ", $	24.00 ,Minimum order of 100 pcs. required 
126,445341E,"12"" HALF SINGLE ", $	22.00 ,Minimum order of 100 pcs. required 
126,445343E,"12"" HALF DOUBLE ", $	24.00 ,Minimum order of 100 pcs. required 
126,455401E,"12"" 5 PC.  SET ", $	111.00 ,Minimum order of 100 pcs. required 
126,435215E,"12-5/8"" FULL SINGLE ", $	22.00 ,Minimum order of 100 pcs. required 
126,435217E,"12-5/8"" FULL DOUBLE ", $	24.00 ,Minimum order of 100 pcs. required 
126,435216E,"12-5/8"" HALF SINGLE ", $	22.00 ,Minimum order of 100 pcs. required 
126,435218E,"12-5/8"" HALF DOUBLE ", $	24.00 ,Minimum order of 100 pcs. required 
126,455411E,"12-5/8"" 5 PC. S ET ", $	111.00 ,Minimum order of 100 pcs. required 
126,435226E,"13"" FULL SINGLE", $	22.00 ,Maximum allowable discount 50%
126,435227E,"13"" FULL DOUBLE", $	24.00 ,Maximum allowable discount 50%
126,435228E,"13"" HALF SINGLE", $	22.00 ,Maximum allowable discount 50%
126,435229E,"13"" HALF DOUBLE ", $	24.00 ,Maximum allowable discount 50%
126,455412E,"13"" 5 PC. SET ", $	111.00 ,Maximum allowable discount 50%
126,445344E,"13-1/2"" FULL SINGLE ", $	25.00 ,Maximum allowable discount 50%
126,445346E,"13-1/2"" FULL DOUBLE", $	28.00 ,Maximum allowable discount 50%
126,445345E,"13-1/2"" HALF SINGLE ", $	25.00 ,Maximum allowable discount 50%
126,445357E,"13-1/2"" HALF DOUBLE ", $	28.00 ,Maximum allowable discount 50%
126,455413E,"13-1/2"" 5 PC. SET ", $	129.00 ,Maximum allowable discount 50%
126,445230E,"15-1/2"" FULL SINGLE ", $	25.00 ,Maximum allowable discount 50%
126,435232E,"15-1/2"" FULL DOUBLE ", $	28.00 ,Maximum allowable discount 50%
126,435231E,"15-1/2"" HALF SINGLE ", $	25.00 ,Maximum allowable discount 50%
126,435233E,"15-1/2"" HALF DOUBLE", $	28.00 ,Maximum allowable discount 50%
126,455414E,"15-1/2"" 5 PC. SET ", $	129.00 ,Maximum allowable discount 50%
126,435234E,"15-5/8"" FULL SINGLE ", $	25.00 ,Maximum allowable discount 50%
126,435236E,"15-5/8"" FULL DOUBLE", $	28.00 ,Maximum allowable discount 50%
126,435254E,"16"" FULL SINGLE ", $	25.00 ,Minimum order of 100 pcs. required 
126,435256E,"16"" FULL DOUBLE ", $	28.00 ,Minimum order of 100 pcs. required 
126,435255E,"16"" HALF SINGLE ", $	25.00 ,Minimum order of 100 pcs. required 
126,435257E,"16"" HALF DOUBLE ", $	28.00 ,Minimum order of 100 pcs. required 
126,455415E,"16"" 5 PC. SET ", $	129.00 ,Minimum order of 100 pcs. required 
126,445351E,"18-3/8"" FULL SINGLE ", $	39.00 ,Minimum order of 100 pcs. required 
126,445352E,"18-3/8"" FULL DOUBLE ", $	44.00 ,Minimum order of 100 pcs. required 
126,445353E,"18-3/8"" HALF SINGLE ", $	39.00 ,Minimum order of 100 pcs. required 
126,445354E,"18-3/8"" HALF DOUBLE ", $	44.00 ,Minimum order of 100 pcs. required 
126,455416E,"18-3/8"" 5 PC. SET ", $	208.00 ,Minimum order of 100 pcs. required 
126,445244E,"19-1/2"" FULL SINGLE ", $	39.00 ,Maximum allowable discount 50%
126,445245E,"19-1/2"" FULL DOUBLE ", $	44.00 ,Maximum allowable discount 50%
126,445246E,"19-1/2"" HALF SINGLE ", $	39.00 ,Maximum allowable discount 50%
126,445247E,"19-1/2"" HALF DOUBLE ", $	44.00 ,Maximum allowable discount 50%
126,455417E,"19-1/2"" 5 PC. SET ", $	208.00 ,Maximum allowable discount 50%
126,435240E,"21"" FULL SINGLE", $	39.00 ,Maximum allowable discount 50%
126,435242E,"21"" FULL DOUBLE", $	44.00 ,Maximum allowable discount 50%
126,435241E,"21"" HALF SINGLE", $	39.00 ,Maximum allowable discount 50%
126,435243E,"21"" HALF DOUBLE ", $	44.00 ,Maximum allowable discount 50%
126,455418E,"21"" 5 PC. SET ", $	208.00 ,Maximum allowable discount 50%
126,435245E,"22-3/8"" FULL SINGLE ", $	41.00 ,Maximum allowable discount 50%
126,435246E,"22-3/8"" FULL DOUBLE ", $	46.00 ,Maximum allowable discount 50%
126,440000E,"23-1/2"" FULL SINGLE ", $	44.00 ,Minimum order of 100 pcs. required 
126,440002E,"23-1/2"" FULL DOUBLE ", $	39.00 ,Minimum order of 100 pcs. required 
126,440001E,"23-1/2"" HALF SINGLE ", $	44.00 ,Minimum order of 100 pcs. required 
126,440003E,"23-1/2"" HALF DOUBLE ", $	39.00 ,Minimum order of 100 pcs. required 
126,455419E,"23-1/2"" 5 PC. SET ", $	208.00 ,Minimum order of 100 pcs. required 
126,440006E,"24-1/2"" FULL SINGLE ", $	44.00 ,Minimum order of 100 pcs. required 
126,440004E,"24-1/2"" FULL DOUBLE ", $	39.00 ,Minimum order of 100 pcs. required 
126,440005E,"24-1/2"" HALF SINGLE ", $	44.00 ,Minimum order of 100 pcs. required 
126,440007E,"24-1/2"" HALF DOUBLE ", $	39.00 ,Minimum order of 100 pcs. required 
126,455420E,"24-1/2"" 5 PC. SET ", $	208.00 ,Minimum order of 100 pcs. required 
126,435250E,"29"" FULL SINGLE ", $	72.00 ,Maximum allowable discount 50%
126,435252E,"29"" FULL DOUBLE  ", $	82.00 ,Maximum allowable discount 50%
126,435251E,"29"" HALF SINGLE ", $	72.00 ,Maximum allowable discount 50%
126,435253E,"29"" HALF DOUBLE ", $	82.00 ,Maximum allowable discount 50%
126,455421E,"29"" 5 PC. SET  ", $	384.00 ,Maximum allowable discount 50%
127,445376,BABY SCRIM BAG, $	27.00 ,
127,445377,JUNIOR SCRIM BAG, $	31.00 ,
127,445388,SENIOR SCRIM BAG, $	59.00 ,Description in catalog is incorrect
127,445390,"29"" SCRIM BAG ", $	76.00 ,Description in catalog is incorrect
129,259535,FULL APPLE BOX , $	51.00 ,Maximum allowable discount 35%
129,259536,HALF APPLE BOX , $	51.00 ,Maximum allowable discount 35%
129,259537,QUARTER APPLE BOX , $	41.00 ,Maximum allowable discount 35%
129,259538,EIGHTH APPLE BOX , $	2.00 ,Maximum allowable discount 35%
129,259531,FULL MINI APPLE BOX , $	39.00 ,Maximum allowable discount 35%
129,259532,HALF MINI APPLE BOX , $	39.00 ,Maximum allowable discount 35%
129,259533,QUARTER MINI APPLE BOX , $	33.00 ,Maximum allowable discount 35%
129,259534,EIGHTH MINI APPLE BOX , $	30.00 ,Maximum allowable discount 35%
130,259571,HI HAT OCTAGON BOARD, $	60.00 ,
130,279549,"BLOCK,STAIR,SET OF 2", $	108.00 ,Photo in catalog is incorrect
130,249570,ELEPHANT BLOCK 2''SET W/HOLDER, $	376.00 ,
130,249568,ELEPHANT BLOCK 4''SET W/HOLDER, $	376.00 ,
131,329040-1,"SOUND BLANKET W/GROMMETS, BLUE", $	71.00 ,
131,549135,LADDER: FIBERGLASS 4' SINGLE, $	224.00 ,
131,549136,LADDER: FIBERGLASS 6' SINGLE, $	277.00 ,
131,549137,LADDER: FIBERGLASS 8' SINGLE, $	387.00 ,
131,549138,LADDER: FIBERGLASS 10' SINGLE, $	509.00 ,
131,549139,LADDER: FIBERGLASS 12' SINGLE, $	592.00 ,
131,549129,LADDER: FIBERGLASS 20' EXTENSION, $	545.00 ,
131,549130,LADDER: FIBERGLASS 4' DOUBLE, $	299.00 ,
131,549131,LADDER: FIBERGLASS 6' DOUBLE, $	404.00 ,
131,549132,LADDER: FIBERGLASS 8' DOUBLE, $	509.00 ,
131,549133,LADDER: FIBERGLASS 10' DOUBLE, $	667.00 ,
131,549134,LADDER: FIBERGLASS 12' DOUBLE, $	778.00 ,
131,299700,"SADDLE BAG,20#,BLACK", $	35.00 ,
131,299705,"SADDLE BAG,35#,BLACK", $	41.00 ,
131,299877,"BAG,SHOT, 5#,CORDURA,BLACK", $	41.00 ,
131,299859,"BAG,SHOT,15#,CORDURA,BLACK", $	67.00 ,
131,299853,"BAG,SHOT,25# CORDURA,BLACK", $	89.00 ,
132,299607,"SANDBAG, MATTHBAG,EMPTY,ORANGE", $	55.00 ,
132,299555,"SANDBAG,15#,FLY AWAY, ORANGE ", $	40.00 ,
132,299886,"BAG,BABY BOA,5#,CORDURA,BLACK", $	41.00 ,
132,299887,"BAG,JUNIOR BOA,10#,CORDURA,BLACK", $	55.00 ,
132,299888,"BAG,SENIOR BOA,15#,CORDURA,BLACK", $	72.00 ,
132,299576,"SANDBAG,05#,CORDURA,ORANGE", $	27.00 ,
132,299550,"SANDBAG,15#,CORDURA,ORANGE", $	31.00 ,
132,299552,"SANDBAG,25#,CORDURA,ORANGE", $	40.00 ,
132,299556,"SANDBAG,35#,CORDURA,ORANGE", $	41.00 ,
132,299551,"SANDBAG,50#,CORDURA,ORANGE", $	61.00 ,
132,29957E,"SANDBAG,05#,CORDURA, ORANGE, EMPTY", $	18.00 ,
132,29955E,"SANDBAG,15#,CORDURA, ORANGE, EMPTY", $	24.00 ,
132,29952E,"SANDBAG,25#,CORDURA, ORANGE, EMPTY", $	24.00 ,
132,29956E,"SANDBAG,35#,CORDURA, ORANGE, EMPTY", $	30.00 ,
132,299168,"SANDBAG,50#,CORDURA, ORANGE, EMPTY", $	49.00 ,
132,299577,"SANDBAG,05#,CORDURA,BLACK", $	24.00 ,
132,299559,"SANDBAG,15#,CORDURA,BLACK", $	31.00 ,
132,299553,"SANDBAG,25#,CORDURA,BLACK", $	40.00 ,
132,299557,"SANDBAG,35#,CORDURA,BLACK", $	41.00 ,
132,299577E,"SANDBAG,05#,CORDURA,BLACK,EMPTY", $	18.00 ,
132,299559E,"SANDBAG,15#,CORDURA,BLACK,EMPTY", $	24.00 ,
132,299553E,"SANDBAG,25#,CORDURA,BLACK,EMPTY", $	24.00 ,
132,299557E,"SANDBAG,35#,CORDURA,BLACK,EMPTY", $	30.00 ,
132,299563,"SANDBAG,05#,WATER REPELLENT ORANGE", $	35.00 ,
132,299558,"SANDBAG,15#,WATER REPELLENT ORANGE", $	35.00 ,
132,299599,"SANDBAG,25#,WATER REPELLENT ORANGE", $	41.00 ,
132,299560,"SANDBAG,35#,WATER REPELLENT ORANGE", $	53.00 ,
132,29958E,"SANDBAG,05#,WATER REPELLENT EMPTY", $	34.00 ,
132,29959E,"SANDBAG,15#,WATER REPELLENT EMPTY", $	30.00 ,
132,29960E,"SANDBAG,25#,WATER REPELLENT EMPTY", $	35.00 ,
132,29961E,"SANDBAG,35#,WATER REPELLENT EMPTY", $	41.00 ,